SRV_STD;WC200_DST_SRV_RATE;WC200_DST_SERR_RATE;WC200_DST_RERR_RATE;WC200_SRV_SRC_RATE;WT10_DST_SRV_RATE;MAP_SRC_INIT_HAS_A;MAP_SRC_INIT_HAS_F;MAP_SRC_INIT_HAS_S;MAP_SRC_INIT_HAS_R;MAP_SRC_INIT_HAS_P;MAP_SRC_INIT_HAS_C;MAP_SRC_INIT_HAS_U;MAP_SRC_INIT_HAS_E;STATE_SF;MAP_WC200_DST_CNT;MAP_WC200_SRV_CNT;MAP_WT10_DST_CNT;MAP_WT10_SRV_CNT;MAP_SRC_BYTES;IS_NA;IS_AS;IS_DBC;IS_FT;IS_HTTP;IS_MI;IS_MM;IS_NW;IS_RA;IS_UK
HTTP;0.345;0;0.385;0;0.604;0;0;1;0;0;0;0;0;1;1;1;1;1;1.80E-01;0;0;0;0;1;0;0;0;0;0
AS;0;0;0.365;0;0;0;0;1;0;0;0;0;0;1;1;1;1;1;5.69E-01;0;1;0;0;0;0;0;0;0;0
HTTP;0.385;0;0.36;0;0.616;0;0;1;0;0;0;0;0;1;1;1;1;1;1.81E-02;0;0;0;0;1;0;0;0;0;0
AS;0.015;0;0.36;0.005;0.006;1;1;0;0;0;0;0;0;1;1;1;1;1;4.91E-03;0;1;0;0;0;0;0;0;0;0
HTTP;0;0;0.365;0;0.002;1;0;0;1;0;0;0;0;1;1;1;1;1;4.91E-03;0;0;0;0;1;0;0;0;0;0
AS;0;0;0.355;0;0;0;0;1;0;0;0;0;0;1;1;1;1;1;5.48E-01;0;1;0;0;0;0;0;0;0;0
AS;0.005;0;0.355;0.005;0.002;1;1;0;0;0;0;0;0;1;1;1;1;1;4.91E-03;0;1;0;0;0;0;0;0;0;0
HTTP;0.365;0;0.36;0;0.582;0;0;1;0;0;0;0;0;1;1;1;1;1;1.78E-01;0;0;0;0;1;0;0;0;0;0
HTTP;0.365;0;0.36;0;0.582;0;0;1;0;0;0;0;0;1;1;1;1;1;1.80E-01;0;0;0;0;1;0;0;0;0;0
HTTP;0.365;0;0.36;0;0.584;0;0;1;0;0;0;0;0;1;1;1;1;1;1.78E-01;0;0;0;0;1;0;0;0;0;0
AS;0.005;0;0.375;0;0.002;0;0;1;0;0;0;0;0;1;1;1;1;1;6.59E-01;0;1;0;0;0;0;0;0;0;0
AS;0.055;0;0.375;0;0.024;1;1;0;0;0;0;0;0;1;1;1;1;1;4.91E-03;0;1;0;0;0;0;0;0;0;0
AS;0.005;0;0.37;0.005;0.002;1;1;0;0;0;0;0;0;1;1;1;1;1;4.91E-03;0;1;0;0;0;0;0;0;0;0
AS;0;0;0.365;0;0;0;0;1;0;0;0;0;0;1;1;1;1;1;2.36E-01;0;1;0;0;0;0;0;0;0;0
AS;0.005;0;0.39;0.005;0.002;1;1;0;0;0;0;0;0;1;1;1;1;1;4.91E-03;0;1;0;0;0;0;0;0;0;0
HTTP;0.395;0;0.37;0;0.516;0;0;1;0;0;0;0;0;1;1;1;1;1;1.78E-01;0;0;0;0;1;0;0;0;0;0
AS;0;0;0.36;0;0.004;0;0;1;0;0;0;0;0;1;1;1;1;1;5.56E-01;0;1;0;0;0;0;0;0;0;0
AS;0.005;0;0.36;0.005;0.006;1;1;0;0;0;0;0;0;1;1;1;1;1;4.91E-03;0;1;0;0;0;0;0;0;0;0
AS;0;0;0.35;0;0;0;0;1;0;0;0;0;0;1;1;1;1;1;5.47E-01;0;1;0;0;0;0;0;0;0;0
AS;0;0;0.355;0;0.002;0;0;1;0;0;0;0;0;1;1;1;1;1;7.92E-02;0;1;0;0;0;0;0;0;0;0
HTTP;0.375;0;0.38;0;0.454;0;0;1;0;0;0;0;0;1;1;1;1;1;1.79E-01;0;0;0;0;1;0;0;0;0;0
HTTP;0.385;0;0.38;0;0.454;0;0;1;0;0;0;0;0;1;1;1;1;1;1.78E-01;0;0;0;0;1;0;0;0;0;0
HTTP;0.485;0;0.325;0;0.45;0;0;1;0;0;0;0;0;1;1;1;1;1;1.81E-02;0;0;0;0;1;0;0;0;0;0
HTTP;0.485;0;0.325;0;0.45;0;0;1;0;0;0;0;0;1;1;1;1;1;1.81E-02;0;0;0;0;1;0;0;0;0;0
HTTP;0.505;0;0.315;0;0.45;0;0;1;0;0;0;0;0;1;1;1;1;1;1.78E-01;0;0;0;0;1;0;0;0;0;0
AS;0.02;0;0.295;0;0.012;0;0;1;0;0;0;0;0;1;1;1;1;1;5.46E-01;0;1;0;0;0;0;0;0;0;0
HTTP;0.495;0;0.325;0;0.46;0;0;1;0;0;0;0;0;1;1;1;1;1;1.80E-01;0;0;0;0;1;0;0;0;0;0
HTTP;0.545;0;0.305;0;0.476;0;0;1;0;0;0;0;0;1;1;1;1;1;1.80E-01;0;0;0;0;1;0;0;0;0;0
HTTP;0.57;0;0.285;0;0.476;0;0;1;0;0;0;0;0;1;1;1;1;1;1.80E-01;0;0;0;0;1;0;0;0;0;0
HTTP;0.585;0;0.275;0;0.478;0;0;1;0;0;0;0;0;1;1;1;1;1;1.81E-02;0;0;0;0;1;0;0;0;0;0
HTTP;0.585;0;0.275;0;0.478;0;0;1;0;0;0;0;0;1;1;1;1;1;1.81E-02;0;0;0;0;1;0;0;0;0;0
HTTP;0.585;0;0.275;0;0.478;0;0;1;0;0;0;0;0;1;1;1;1;1;1.80E-01;0;0;0;0;1;0;0;0;0;0
HTTP;0.66;0;0.225;0;0.488;0;0;1;0;0;0;0;0;1;1;1;1;1;1.80E-01;0;0;0;0;1;0;0;0;0;0
HTTP;0.68;0;0.22;0;0.498;0;0;1;0;0;0;0;0;1;1;1;1;1;1.81E-02;0;0;0;0;1;0;0;0;0;0
HTTP;0.68;0;0.22;0;0.5;0;0;1;0;0;0;0;0;1;1;1;1;1;1.81E-02;0;0;0;0;1;0;0;0;0;0
HTTP;0.68;0;0.22;0;0.508;0;0;1;0;0;0;0;0;1;1;1;1;1;1.78E-01;0;0;0;0;1;0;0;0;0;0
HTTP;0.72;0;0.195;0;0.514;0;0;1;0;0;0;0;0;1;1;1;1;1;1.81E-02;0;0;0;0;1;0;0;0;0;0
HTTP;0.785;0;0.145;0;0.546;0;0;1;0;0;0;0;0;1;1;1;1;1;1.78E-01;0;0;0;0;1;0;0;0;0;0
HTTP;0.81;0;0.13;0;0.546;0;0;1;0;0;0;0;0;1;1;1;1;1;1.81E-02;0;0;0;0;1;0;0;0;0;0
HTTP;0.845;0;0.11;0;0.574;0;0;1;0;0;0;0;0;1;1;1;1;1;1.75E-01;0;0;0;0;1;0;0;0;0;0
HTTP;0.93;0;0.04;0;0.602;0;0;1;0;0;0;0;0;1;1;1;1;1;1.78E-01;0;0;0;0;1;0;0;0;0;0
HTTP;0.94;0;0.035;0;0.616;0;0;1;0;0;0;0;0;1;1;1;1;1;1.78E-01;0;0;0;0;1;0;0;0;0;0
HTTP;0.94;0;0.035;0;0.62;0;0;1;0;0;0;0;0;1;1;1;1;1;1.78E-01;0;0;0;0;1;0;0;0;0;0
HTTP;0.93;0;0.035;0;0.652;0;0;1;0;0;0;0;0;1;1;1;1;1;1.81E-02;0;0;0;0;1;0;0;0;0;0
HTTP;0.945;0;0.025;0;0.664;0;0;1;0;0;0;0;0;1;1;1;1;1;1.78E-01;0;0;0;0;1;0;0;0;0;0
HTTP;0.02;0;0.015;0;0.012;0;0;1;0;0;0;0;0;1;1;1;1;1;2.81E-01;0;0;0;0;1;0;0;0;0;0
HTTP;0.01;0;0.015;0;0.022;0;0;1;0;0;0;0;0;1;1;1;1;1;2.12E-01;0;0;0;0;1;0;0;0;0;0
HTTP;0.965;0;0.005;0;0.678;0;0;1;0;0;0;0;0;1;1;1;1;1;1.81E-02;0;0;0;0;1;0;0;0;0;0
HTTP;0.965;0;0.005;0;0.68;0;0;1;0;0;0;0;0;1;1;1;1;1;1.78E-01;0;0;0;0;1;0;0;0;0;0
HTTP;0.96;0;0.005;0;0.684;0;0;1;0;0;0;0;0;1;1;1;1;1;1.80E-01;0;0;0;0;1;0;0;0;0;0
HTTP;0.96;0;0.005;0;0.686;0;0;1;0;0;0;0;0;1;1;1;1;1;1.78E-01;0;0;0;0;1;0;0;0;0;0
HTTP;0.96;0;0.005;0;0.688;0;0;1;0;0;0;0;0;1;1;1;1;1;1.80E-01;0;0;0;0;1;0;0;0;0;0
AS;0;0;0.03;0;0;0;0;1;0;0;0;0;0;1;1;1;1;1;5.31E-01;0;1;0;0;0;0;0;0;0;0
HTTP;0.035;0;0.015;0;0.014;0;0;1;0;0;0;0;0;1;1;1;1;1;3.15E-01;0;0;0;0;1;0;0;0;0;0
HTTP;0.025;0;0.02;0;0.014;0;0;1;0;0;0;0;0;1;1;1;1;1;2.85E-01;0;0;0;0;1;0;0;0;0;0
HTTP;0.05;0;0.02;0;0.036;0;0;1;0;0;0;0;0;1;1;1;1;1;2.45E-01;0;0;0;0;1;0;0;0;0;0
HTTP;0.05;0;0.42;0;0.036;0;0;1;0;0;0;0;0;1;1;1;1;1;6.57E-02;0;0;0;0;1;0;0;0;0;0
AS;0.01;0;0.42;0;0.014;1;1;0;0;0;0;0;0;1;1;1;1;1;4.91E-03;0;1;0;0;0;0;0;0;0;0
HTTP;0.905;0;0.045;0;0.688;0;0;1;0;0;0;0;0;1;1;1;1;1;1.81E-02;0;0;0;0;1;0;0;0;0;0
HTTP;0.905;0;0.045;0;0.71;0;0;1;0;0;0;0;0;1;1;1;1;1;1.81E-02;0;0;0;0;1;0;0;0;0;0
HTTP;0.9;0;0.045;0;0.712;0;0;1;0;0;0;0;0;1;1;1;1;1;1.81E-02;0;0;0;0;1;0;0;0;0;0
AS;0.005;0;0.44;0.005;0.012;1;1;0;0;0;0;0;0;1;1;1;1;1;4.91E-03;0;1;0;0;0;0;0;0;0;0
HTTP;0;0;0.44;0;0.002;0;0;1;0;0;0;0;0;1;1;1;1;1;5.73E-01;0;0;0;0;1;0;0;0;0;0
HTTP;0.9;0;0.045;0;0.72;0;0;1;0;0;0;0;0;1;1;1;1;1;1.80E-01;0;0;0;0;1;0;0;0;0;0
AS;0;0;0.06;0;0;0;0;1;0;0;0;0;0;1;1;1;1;1;5.54E-01;0;1;0;0;0;0;0;0;0;0
AS;0.005;0;0.415;0.005;0.008;0;0;1;0;0;0;0;0;1;1;1;1;1;6.10E-01;0;1;0;0;0;0;0;0;0;0
AS;0.015;0;0.41;0;0.02;1;1;0;0;0;0;0;0;1;1;1;1;1;4.91E-03;0;1;0;0;0;0;0;0;0;0
HTTP;0.005;0;0.035;0.005;0.006;0;0;0;1;0;0;0;0;1;1;1;1;1;4.91E-03;0;0;0;0;1;0;0;0;0;0
MM;0.01;0;0.425;0;0.004;0;0;1;0;0;0;0;0;1;1;1;1;1;6.00E-02;0;0;0;0;0;0;1;0;0;0
AS;0.01;0;0.095;0;0.006;0;0;1;0;0;0;0;0;1;1;1;1;1;4.17E-01;0;1;0;0;0;0;0;0;0;0
HTTP;0.81;0;0.1;0;0.75;0;0;1;0;0;0;0;0;1;1;1;1;1;1.80E-01;0;0;0;0;1;0;0;0;0;0
AS;0;0;0.375;0;0.01;0;0;1;0;0;0;0;0;1;1;1;1;1;5.57E-02;0;1;0;0;0;0;0;0;0;0
AS;0;0;0.095;0;0;0;0;1;0;0;0;0;0;1;1;1;1;1;5.56E-01;0;1;0;0;0;0;0;0;0;0
AS;0.005;0;0.135;0.005;0.002;1;1;0;0;0;0;0;0;1;1;1;1;1;4.91E-03;0;1;0;0;0;0;0;0;0;0
AS;0.015;0;0.15;0;0.008;0;0;1;0;0;0;0;0;1;1;1;1;1;3.77E-01;0;1;0;0;0;0;0;0;0;0
AS;0.045;0;0.41;0.005;0.042;1;1;0;0;0;0;0;0;1;1;1;1;1;4.91E-03;0;1;0;0;0;0;0;0;0;0
AS;0.01;0;0.41;0.005;0.014;0;0;1;0;0;0;0;0;1;1;1;1;1;5.44E-01;0;1;0;0;0;0;0;0;0;0
HTTP;0.72;0;0.155;0;0.764;0;0;1;0;0;0;0;0;1;1;1;1;1;1.78E-01;0;0;0;0;1;0;0;0;0;0
HTTP;0.72;0;0.155;0;0.774;0;0;1;0;0;0;0;0;1;1;1;1;1;1.79E-01;0;0;0;0;1;0;0;0;0;0
HTTP;0.015;0;0.035;0;0.006;0;0;1;0;0;0;0;0;1;1;1;1;1;1.40E-01;0;0;0;0;1;0;0;0;0;0
HTTP;0.02;0;0.035;0;0.024;0;0;1;0;0;0;0;0;1;1;1;1;1;1.92E-01;0;0;0;0;1;0;0;0;0;0
UK;0;0;0.035;0;0;0;0;1;0;0;0;0;0;1;1;1;1;1;3.61E-01;0;0;0;0;0;0;0;0;0;1
HTTP;0.015;0;0.035;0.005;0.016;0;0;1;0;0;0;0;0;1;1;1;1;1;2.10E-01;0;0;0;0;1;0;0;0;0;0
AS;0.025;0;0.035;0.45;0.02;0;0;0;1;0;0;0;0;1;1;1;1;0.666;4.91E-03;0;1;0;0;0;0;0;0;0;0
AS;0;0;0.2;0;0;0;0;1;0;0;0;0;0;1;1;1;1;1;5.57E-01;0;1;0;0;0;0;0;0;0;0
HTTP;0.65;0;0.21;0;0.784;0;0;1;0;0;0;0;0;1;1;1;1;1;1.78E-01;0;0;0;0;1;0;0;0;0;0
HTTP;0.65;0;0.21;0;0.788;0;0;1;0;0;0;0;0;1;1;1;1;1;1.80E-01;0;0;0;0;1;0;0;0;0;0
AS;0;0;0.205;0;0;1;1;0;0;0;0;0;0;1;1;1;1;1;4.91E-03;0;1;0;0;0;0;0;0;0;0
AS;0;0;0.22;0;0;1;1;0;0;0;0;0;0;1;1;1;1;1;4.91E-03;0;1;0;0;0;0;0;0;0;0
AS;0.01;0;0.405;0;0.014;0;0;1;0;0;0;0;0;1;1;1;1;1;5.66E-01;0;1;0;0;0;0;0;0;0;0
HTTP;0.025;0;0.04;0.005;0.028;0;0;0;1;0;0;0;0;1;1;1;1;1;4.91E-03;0;0;0;0;1;0;0;0;0;0
HTTP;0.59;0;0.245;0;0.754;0;0;1;0;0;0;0;0;1;1;1;1;1;1.81E-02;0;0;0;0;1;0;0;0;0;0
AS;0.01;0;0.235;0;0.004;0;0;1;0;0;0;0;0;1;1;1;1;1;5.46E-01;0;1;0;0;0;0;0;0;0;0
AS;0;0;0.285;0;0;0;0;1;0;0;0;0;0;1;1;1;1;1;5.60E-02;0;1;0;0;0;0;0;0;0;0
AS;0;0;0.315;0;0;0;0;1;0;0;0;0;0;1;1;1;1;1;5.35E-01;0;1;0;0;0;0;0;0;0;0
HTTP;0.515;0;0.315;0;0.718;0;0;1;0;0;0;0;0;1;1;1;1;1;1.78E-01;0;0;0;0;1;0;0;0;0;0
HTTP;0;0;0.31;0;0.002;0;0;1;0;0;0;0;0;1;1;1;1;1;4.88E-02;0;0;0;0;1;0;0;0;0;0
AS;0;0;0.35;0;0;1;1;0;0;0;0;0;0;1;1;1;1;1;4.91E-03;0;1;0;0;0;0;0;0;0;0
AS;0.005;0;0.37;0;0.002;0;0;1;0;0;0;0;0;1;1;1;1;1;7.50E-01;0;1;0;0;0;0;0;0;0;0
AS;0;0;0.35;0;0;0;0;1;0;0;0;0;0;1;1;1;1;1;5.39E-01;0;1;0;0;0;0;0;0;0;0
AS;0;0;0.38;0;0.004;0;0;1;0;0;0;0;0;1;1;1;1;1;5.41E-01;0;1;0;0;0;0;0;0;0;0
AS;0.005;0;0.385;0.005;0.002;0;0;1;0;0;0;0;0;1;1;1;1;1;5.87E-01;0;1;0;0;0;0;0;0;0;0
HTTP;0.43;0;0.4;0;0.598;0;0;1;0;0;0;0;0;1;1;1;1;1;1.81E-02;0;0;0;0;1;0;0;0;0;0
AS;0;0;0.4;0;0.004;0;0;1;0;0;0;0;0;1;1;1;1;1;6.89E-01;0;1;0;0;0;0;0;0;0;0
HTTP;0.445;0;0.405;0;0.56;0;0;1;0;0;0;0;0;1;1;1;1;1;1.81E-02;0;0;0;0;1;0;0;0;0;0
HTTP;0.445;0;0.405;0;0.56;0;0;1;0;0;0;0;0;1;1;1;1;1;1.78E-01;0;0;0;0;1;0;0;0;0;0
AS;0;0;0.375;0;0;0;0;1;0;0;0;0;0;1;1;1;1;1;5.46E-01;0;1;0;0;0;0;0;0;0;0
HTTP;0.44;0;0.405;0;0.532;0;0;1;0;0;0;0;0;1;1;1;1;1;1.78E-01;0;0;0;0;1;0;0;0;0;0
AS;0.02;0;0.415;0.005;0.016;0;0;0;1;0;0;0;0;1;1;1;1;1;4.91E-03;0;1;0;0;0;0;0;0;0;0
AS;0.025;0;0.41;0.005;0.014;0;0;1;0;0;0;0;0;1;1;1;1;1;5.26E-01;0;1;0;0;0;0;0;0;0;0
HTTP;0;0;0.405;0;0.002;0;0;1;0;0;0;0;0;1;1;1;1;1;3.06E-01;0;0;0;0;1;0;0;0;0;0
HTTP;0.475;0;0.38;0;0.532;0;0;1;0;0;0;0;0;1;1;1;1;1;1.78E-01;0;0;0;0;1;0;0;0;0;0
HTTP;0.5;0;0.36;0;0.538;0;0;1;0;0;0;0;0;1;1;1;1;1;1.80E-01;0;0;0;0;1;0;0;0;0;0
HTTP;0.5;0;0.36;0;0.548;0;0;1;0;0;0;0;0;1;1;1;1;1;1.80E-01;0;0;0;0;1;0;0;0;0;0
HTTP;0.525;0;0.345;0;0.554;0;0;1;0;0;0;0;0;1;1;1;1;1;1.80E-01;0;0;0;0;1;0;0;0;0;0
HTTP;0.545;0;0.33;0;0.552;0;0;1;0;0;0;0;0;1;1;1;1;1;1.81E-02;0;0;0;0;1;0;0;0;0;0
HTTP;0.545;0;0.325;0;0.552;0;0;1;0;0;0;0;0;1;1;1;1;1;1.78E-01;0;0;0;0;1;0;0;0;0;0
HTTP;0.56;0;0.305;0;0.552;0;0;1;0;0;0;0;0;1;1;1;1;1;1.81E-02;0;0;0;0;1;0;0;0;0;0
HTTP;0;0;0.255;0;0.002;0;0;1;0;0;0;0;0;1;1;1;1;1;4.66E-02;0;0;0;0;1;0;0;0;0;0
HTTP;0.67;0;0.215;0;0.576;0;0;1;0;0;0;0;0;1;1;1;1;1;1.81E-02;0;0;0;0;1;0;0;0;0;0
HTTP;0.685;0;0.205;0;0.576;0;0;1;0;0;0;0;0;1;1;1;1;1;1.81E-02;0;0;0;0;1;0;0;0;0;0
HTTP;0.685;0;0.205;0;0.576;0;0;1;0;0;0;0;0;1;1;1;1;1;1.81E-02;0;0;0;0;1;0;0;0;0;0
HTTP;0.715;0;0.185;0;0.582;0;0;1;0;0;0;0;0;1;1;1;1;1;1.78E-01;0;0;0;0;1;0;0;0;0;0
HTTP;0.765;0;0.145;0;0.608;0;0;1;0;0;0;0;0;1;1;1;1;1;1.81E-02;0;0;0;0;1;0;0;0;0;0
HTTP;0.765;0;0.145;0;0.61;0;0;1;0;0;0;0;0;1;1;1;1;1;1.78E-01;0;0;0;0;1;0;0;0;0;0
HTTP;0.78;0;0.13;0;0.61;0;0;1;0;0;0;0;0;1;1;1;1;1;1.80E-01;0;0;0;0;1;0;0;0;0;0
HTTP;0.775;0;0.125;0;0.614;0;0;1;0;0;0;0;0;1;1;1;1;1;1.81E-02;0;0;0;0;1;0;0;0;0;0
HTTP;0.79;0;0.12;0;0.614;0;0;1;0;0;0;0;0;1;1;1;1;1;1.80E-01;0;0;0;0;1;0;0;0;0;0
HTTP;0.805;0;0.11;0;0.616;0;0;1;0;0;0;0;0;1;1;1;1;1;1.78E-01;0;0;0;0;1;0;0;0;0;0
HTTP;0.83;0;0.09;0;0.624;0;0;1;0;0;0;0;0;1;1;1;1;1;1.80E-01;0;0;0;0;1;0;0;0;0;0
HTTP;0.85;0;0.075;0;0.624;0;0;1;0;0;0;0;0;1;1;1;1;1;1.78E-01;0;0;0;0;1;0;0;0;0;0
HTTP;0.855;0;0.07;0;0.624;0;0;1;0;0;0;0;0;1;1;1;1;1;1.78E-01;0;0;0;0;1;0;0;0;0;0
HTTP;0.005;0;0.03;0.02;0.002;1;0;0;0;1;0;0;0;1;1;1;1;1;2.16E-02;0;0;0;0;1;0;0;0;0;0
AS;0;0;0.095;0;0;1;1;0;0;0;0;0;0;1;1;1;1;1;4.91E-03;0;1;0;0;0;0;0;0;0;0
AS;0;0;0.095;0;0.002;0;0;1;0;0;0;0;0;1;1;1;1;1;5.56E-01;0;1;0;0;0;0;0;0;0;0
UK;0;0;0.03;0;0;0;0;1;0;0;0;0;0;1;1;1;1;1;3.20E-01;0;0;0;0;0;0;0;0;0;1
AS;0.01;0;0.39;0;0.012;0;0;1;0;0;0;0;0;1;1;1;1;1;5.70E-01;0;1;0;0;0;0;0;0;0;0
AS;0.01;0;0.4;0.005;0.008;1;1;0;0;0;0;0;0;1;1;1;1;1;4.91E-03;0;1;0;0;0;0;0;0;0;0
HTTP;0.695;0;0.19;0;0.614;0;0;1;0;0;0;0;0;1;1;1;1;1;1.78E-01;0;0;0;0;1;0;0;0;0;0
HTTP;0.695;0;0.19;0;0.618;0;0;1;0;0;0;0;0;1;1;1;1;1;1.78E-01;0;0;0;0;1;0;0;0;0;0
HTTP;0.695;0;0.19;0;0.618;0;0;1;0;0;0;0;0;1;1;1;1;1;1.81E-02;0;0;0;0;1;0;0;0;0;0
HTTP;0.7;0;0.185;0;0.618;0;0;1;0;0;0;0;0;1;1;1;1;1;1.80E-01;0;0;0;0;1;0;0;0;0;0
HTTP;0.725;0;0.175;0;0.622;0;0;1;0;0;0;0;0;1;1;1;1;1;1.78E-01;0;0;0;0;1;0;0;0;0;0
AS;0.02;0;0.41;0;0.014;1;1;0;0;0;0;0;0;1;1;1;1;1;4.91E-03;0;1;0;0;0;0;0;0;0;0
UK;0;0;0.03;0;0;0;0;1;0;0;0;0;0;1;1;1;1;1;2.29E-01;0;0;0;0;0;0;0;0;0;1
AS;0.005;0;0.185;0.005;0.002;0;0;1;0;0;0;0;0;1;1;1;1;1;5.20E-01;0;1;0;0;0;0;0;0;0;0
AS;0.005;0;0.225;0.005;0.002;0;0;1;0;0;0;0;0;1;1;1;1;1;5.46E-01;0;1;0;0;0;0;0;0;0;0
AS;0;0;0.23;0;0;0;0;1;0;0;0;0;0;1;1;1;1;1;5.59E-01;0;1;0;0;0;0;0;0;0;0
AS;0.005;0;0.415;0.005;0.002;1;1;0;0;0;0;0;0;1;1;1;1;1;4.91E-03;0;1;0;0;0;0;0;0;0;0
UK;0.005;0;0.405;0;0.002;0;0;1;0;0;0;0;0;1;1;1;1;1;1.20E+00;0;0;0;0;0;0;0;0;0;1
AS;0.005;0;0.39;0.005;0.004;1;1;0;0;0;0;0;0;1;1;1;1;1;4.91E-03;0;1;0;0;0;0;0;0;0;0
AS;0.005;0;0.42;0.01;0.01;0;0;1;0;0;0;0;0;1;1;1;1;1;7.45E-01;0;1;0;0;0;0;0;0;0;0
AS;0.01;0;0.245;0.455;0.008;0;0;0;1;0;0;0;0;1;1;1;1;0.71;4.91E-03;0;1;0;0;0;0;0;0;0;0
HTTP;0.6;0;0.245;0;0.622;0;0;1;0;0;0;0;0;1;1;1;1;1;1.81E-02;0;0;0;0;1;0;0;0;0;0
HTTP;0.6;0;0.245;0;0.622;0;0;1;0;0;0;0;0;1;1;1;1;1;1.81E-02;0;0;0;0;1;0;0;0;0;0
AS;0;0;0.255;0;0;1;1;0;0;0;0;0;0;1;1;1;1;1;4.91E-03;0;1;0;0;0;0;0;0;0;0
HTTP;0.025;0;0.03;0.005;0.024;0;0;0;1;0;0;0;0;1;1;1;1;1;4.91E-03;0;0;0;0;1;0;0;0;0;0
UK;0;0;0.03;0.005;0.002;0;0;1;0;0;0;0;0;1;1;1;1;1;3.09E-01;0;0;0;0;0;0;0;0;0;1
AS;0.005;0;0.415;0;0.006;1;1;0;0;0;0;0;0;1;1;1;1;1;4.91E-03;0;1;0;0;0;0;0;0;0;0
AS;0.01;0;0.405;0;0.01;0;0;1;0;0;0;0;0;1;1;1;1;1;5.41E-01;0;1;0;0;0;0;0;0;0;0
AS;0.005;0;0.42;0;0.002;1;1;0;0;0;0;0;0;1;1;1;1;1;4.91E-03;0;1;0;0;0;0;0;0;0;0
AS;0.01;0;0.4;0.005;0.004;0;0;1;0;0;0;0;0;1;1;1;1;1;5.59E-02;0;1;0;0;0;0;0;0;0;0
AS;0.01;0;0.4;0.005;0.01;0;0;1;0;0;0;0;0;1;1;1;1;1;5.42E-01;0;1;0;0;0;0;0;0;0;0
AS;0;0;0.295;0.005;0;0;0;1;0;0;0;0;0;1;1;1;1;1;8.45E-01;0;1;0;0;0;0;0;0;0;0
HTTP;0.485;0;0.32;0;0.614;0;0;1;0;0;0;0;0;1;1;1;1;1;1.80E-01;0;0;0;0;1;0;0;0;0;0
HTTP;0.005;0;0.39;0;0.006;0;0;1;0;0;0;0;0;1;1;1;1;1;2.90E+00;0;0;0;0;1;0;0;0;0;0
HTTP;0.01;0;0.38;0;0.004;0;0;1;0;0;0;0;0;1;1;1;1;1;1.66E-01;0;0;0;0;1;0;0;0;0;0
AS;0.01;0;0.375;0.005;0.01;0;0;1;0;0;0;0;0;1;1;1;1;1;6.64E-01;0;1;0;0;0;0;0;0;0;0
AS;0.01;0;0.38;0.005;0.012;1;1;0;0;0;0;0;0;1;1;1;1;1;4.91E-03;0;1;0;0;0;0;0;0;0;0
AS;0.005;0;0.375;0;0.006;0;0;1;0;0;0;0;0;1;1;1;1;1;5.34E-01;0;1;0;0;0;0;0;0;0;0
AS;0.015;0;0.385;0.005;0.014;0;0;1;0;0;0;0;0;1;1;1;1;1;5.63E-01;0;1;0;0;0;0;0;0;0;0
AS;0;0;0.37;0.02;0;0;0;0;1;0;0;0;0;1;1;1;1;1;4.91E-03;0;1;0;0;0;0;0;0;0;0
AS;0.015;0;0.395;0.005;0.01;0;0;1;0;0;0;0;0;1;1;1;1;1;5.70E-01;0;1;0;0;0;0;0;0;0;0
HTTP;0;0;0.405;0;0;0;0;1;0;0;0;0;0;1;1;1;1;1;4.54E-02;0;0;0;0;1;0;0;0;0;0
HTTP;0.445;0;0.355;0;0.628;0;0;1;0;0;0;0;0;1;1;1;1;1;1.78E-01;0;0;0;0;1;0;0;0;0;0
AS;0;0;0.33;0;0.002;1;1;0;0;0;0;0;0;1;1;1;1;1;4.91E-03;0;1;0;0;0;0;0;0;0;0
AS;0.005;0;0.32;0.005;0.002;0;0;1;0;0;0;0;0;1;1;1;1;1;5.42E-01;0;1;0;0;0;0;0;0;0;0
AS;0;0;0.32;0;0.004;0;0;1;0;0;0;0;0;1;1;1;1;1;5.77E-01;0;1;0;0;0;0;0;0;0;0
AS;0.005;0;0.325;0.005;0.006;1;1;0;0;0;0;0;0;1;1;1;1;1;4.91E-03;0;1;0;0;0;0;0;0;0;0
AS;0.005;0;0.35;0.005;0.002;0;0;1;0;0;0;0;0;1;1;1;1;1;5.86E-01;0;1;0;0;0;0;0;0;0;0
AS;0;0;0.355;0;0;0;0;1;0;0;0;0;0;1;1;1;1;1;5.40E-01;0;1;0;0;0;0;0;0;0;0
AS;0.005;0;0.365;0.005;0.002;1;1;0;0;0;0;0;0;1;1;1;1;1;4.91E-03;0;1;0;0;0;0;0;0;0;0
FT;0.41;0;0.365;0;0.6;0;0;1;0;0;0;0;0;1;1;1;1;1;2.59E-01;0;0;0;1;0;0;0;0;0;0
HTTP;0.01;0;0.405;0;0.006;0;0;1;0;0;0;0;0;1;1;1;1;1;2.39E-02;0;0;0;0;1;0;0;0;0;0
HTTP;0.4;0;0.38;0;0.568;0;0;1;0;0;0;0;0;1;1;1;1;1;1.78E-01;0;0;0;0;1;0;0;0;0;0
AS;0.43;0;0.37;0.005;0.56;1;1;0;0;0;0;0;0;1;1;1;1;1;4.91E-03;0;1;0;0;0;0;0;0;0;0
HTTP;0.415;0;0.39;0;0.538;0;0;1;0;0;0;0;0;1;1;1;1;1;1.78E-01;0;0;0;0;1;0;0;0;0;0
HTTP;0.45;0;0.36;0;0.504;0;0;1;0;0;0;0;0;1;1;1;1;1;1.78E-01;0;0;0;0;1;0;0;0;0;0
HTTP;0.455;0;0.36;0;0.504;0;0;1;0;0;0;0;0;1;1;1;1;1;1.80E-01;0;0;0;0;1;0;0;0;0;0
HTTP;0.54;0;0.305;0;0.506;0;0;1;0;0;0;0;0;1;1;1;1;1;1.80E-01;0;0;0;0;1;0;0;0;0;0
HTTP;0.615;0;0.25;0;0.506;0;0;1;0;0;0;0;0;1;1;1;1;1;1.81E-02;0;0;0;0;1;0;0;0;0;0
HTTP;0.62;0;0.25;0;0.508;0;0;1;0;0;0;0;0;1;1;1;1;1;1.78E-01;0;0;0;0;1;0;0;0;0;0
AS;0;0;0.25;0;0;0;0;1;0;0;0;0;0;1;1;1;1;1;5.69E-01;0;1;0;0;0;0;0;0;0;0
AS;0;0;0.265;0;0.002;0;0;1;0;0;0;0;0;1;1;1;1;1;5.56E-01;0;1;0;0;0;0;0;0;0;0
HTTP;0.62;0;0.25;0;0.496;0;0;1;0;0;0;0;0;1;1;1;1;1;1.81E-02;0;0;0;0;1;0;0;0;0;0
HTTP;0.655;0;0.23;0;0.504;0;0;1;0;0;0;0;0;1;1;1;1;1;1.81E-02;0;0;0;0;1;0;0;0;0;0
HTTP;0.7;0;0.19;0;0.54;0;0;1;0;0;0;0;0;1;1;1;1;1;1.78E-01;0;0;0;0;1;0;0;0;0;0
AS;0;0;0.185;0;0;0;0;1;0;0;0;0;0;1;1;1;1;1;5.50E-01;0;1;0;0;0;0;0;0;0;0
AS;0.005;0;0.215;0.005;0.006;0;0;1;0;0;0;0;0;1;1;1;1;1;5.51E-01;0;1;0;0;0;0;0;0;0;0
AS;0;0;0.225;0;0;1;1;0;0;0;0;0;0;1;1;1;1;1;4.91E-03;0;1;0;0;0;0;0;0;0;0
AS;0.005;0;0.22;0.005;0.01;1;1;0;0;0;0;0;0;1;1;1;1;1;4.91E-03;0;1;0;0;0;0;0;0;0;0
AS;0;0;0.265;0;0.002;0;0;1;0;0;0;0;0;1;1;1;1;1;5.61E-01;0;1;0;0;0;0;0;0;0;0
AS;0;0;0.285;0;0.002;0;0;1;0;0;0;0;0;1;1;1;1;1;5.98E-01;0;1;0;0;0;0;0;0;0;0
AS;0;0;0.295;0;0.002;0;0;1;0;0;0;0;0;1;1;1;1;1;5.83E-01;0;1;0;0;0;0;0;0;0;0
HTTP;0.535;0;0.3;0;0.48;0;0;1;0;0;0;0;0;1;1;1;1;1;1.81E-02;0;0;0;0;1;0;0;0;0;0
HTTP;0.54;0;0.3;0;0.482;0;0;1;0;0;0;0;0;1;1;1;1;1;1.78E-01;0;0;0;0;1;0;0;0;0;0
HTTP;0.545;0;0.3;0;0.492;0;0;1;0;0;0;0;0;1;1;1;1;1;1.80E-01;0;0;0;0;1;0;0;0;0;0
HTTP;0.545;0;0.3;0;0.494;0;0;1;0;0;0;0;0;1;1;1;1;1;1.81E-02;0;0;0;0;1;0;0;0;0;0
HTTP;0.54;0;0.3;0;0.496;0;0;1;0;0;0;0;0;1;1;1;1;1;1.80E-01;0;0;0;0;1;0;0;0;0;0
AS;0.005;0;0.42;0.005;0.01;1;1;0;0;0;0;0;0;1;1;1;1;1;4.91E-03;0;1;0;0;0;0;0;0;0;0
AS;0.015;0;0.42;0;0.016;0;0;1;0;0;0;0;0;1;1;1;1;1;5.50E-01;0;1;0;0;0;0;0;0;0;0
HTTP;0.535;0;0.3;0;0.518;0;0;1;0;0;0;0;0;1;1;1;1;1;1.78E-01;0;0;0;0;1;0;0;0;0;0
HTTP;0.005;0;0.305;0.005;0.002;0;0;0;1;0;0;0;0;1;1;1;1;1;4.91E-03;0;0;0;0;1;0;0;0;0;0
HTTP;0.515;0;0.31;0;0.516;0;0;1;0;0;0;0;0;1;1;1;1;1;1.78E-01;0;0;0;0;1;0;0;0;0;0
UK;0;0;0.315;0;0;0;0;1;0;0;0;0;0;1;1;1;1;0.75;7.42E-03;0;0;0;0;0;0;0;0;0;1
HTTP;0.505;0;0.315;0;0.52;0;0;1;0;0;0;0;0;1;1;1;1;1;1.80E-01;0;0;0;0;1;0;0;0;0;0
AS;0.035;0;0.04;0.02;0.048;0;0;0;1;0;0;0;0;1;1;1;1;1;4.91E-03;0;1;0;0;0;0;0;0;0;0
HTTP;0.015;0;0.04;0;0.01;0;0;1;0;0;0;0;0;1;1;1;1;1;4.87E-02;0;0;0;0;1;0;0;0;0;0
HTTP;0.01;0;0.045;0.005;0.004;0;0;0;1;0;0;0;0;1;1;1;1;1;4.91E-03;0;0;0;0;1;0;0;0;0;0
HTTP;0.015;0;0.04;0.01;0.006;0;0;0;1;0;0;0;0;1;1;1;1;1;4.91E-03;0;0;0;0;1;0;0;0;0;0
AS;0.01;0;0.415;0;0.014;1;1;0;0;0;0;0;0;1;1;1;1;1;4.91E-03;0;1;0;0;0;0;0;0;0;0
AS;0.02;0;0.425;0;0.012;0;0;1;0;0;0;0;0;1;1;1;1;1;5.47E-01;0;1;0;0;0;0;0;0;0;0
AS;0.015;0;0.42;0.005;0.01;0;0;1;0;0;0;0;0;1;1;1;1;1;6.57E-02;0;1;0;0;0;0;0;0;0;0
AS;0.015;0;0.425;0;0.01;0;0;1;0;0;0;0;0;1;1;1;1;1;5.61E-01;0;1;0;0;0;0;0;0;0;0
UK;0;0;0.435;0.01;0;1;0;0;0;1;0;0;0;1;1;1;1;0.768;2.52E+00;0;0;0;0;0;0;0;0;0;1
HTTP;0.54;0;0.28;0;0.554;0;0;1;0;0;0;0;0;1;1;1;1;1;1.76E-01;0;0;0;0;1;0;0;0;0;0
HTTP;0.54;0;0.28;0;0.56;0;0;1;0;0;0;0;0;1;1;1;1;1;1.78E-01;0;0;0;0;1;0;0;0;0;0
HTTP;0.035;0;0.065;0.03;0.014;0;0;0;1;0;0;0;0;1;1;1;1;1;4.91E-03;0;0;0;0;1;0;0;0;0;0
AS;0;0;0.285;0;0;0;0;1;0;0;0;0;0;1;1;1;1;1;6.54E-01;0;1;0;0;0;0;0;0;0;0
AS;0.005;0;0.315;0.005;0.002;1;1;0;0;0;0;0;0;1;1;1;1;1;4.91E-03;0;1;0;0;0;0;0;0;0;0
HTTP;0;0;0.43;0;0.012;0;0;1;0;0;0;0;0;1;1;1;1;1;3.08E-01;0;0;0;0;1;0;0;0;0;0
AS;0.015;0;0.42;0;0.01;0;0;1;0;0;0;0;0;1;1;1;1;1;5.56E-01;0;1;0;0;0;0;0;0;0;0
AS;0.01;0;0.425;0;0.014;0;0;1;0;0;0;0;0;1;1;1;1;1;4.97E-01;0;1;0;0;0;0;0;0;0;0
AS;0;0;0.425;0;0.002;0;0;1;0;0;0;0;0;1;1;1;1;1;6.63E-01;0;1;0;0;0;0;0;0;0;0
HTTP;0.535;0;0.265;0;0.566;0;0;1;0;0;0;0;0;1;1;1;1;1;1.80E-01;0;0;0;0;1;0;0;0;0;0
AS;0.03;0;0.45;0.005;0.02;1;1;0;0;0;0;0;0;1;1;1;1;1;4.91E-03;0;1;0;0;0;0;0;0;0;0
AS;0;0;0.275;0;0;0;0;1;0;0;0;0;0;1;1;1;1;1;6.59E-01;0;1;0;0;0;0;0;0;0;0
HTTP;0.035;0;0.28;0;0.014;0;0;1;0;0;0;0;0;1;1;1;1;1;1.78E-01;0;0;0;0;1;0;0;0;0;0
HTTP;0.045;0;0.285;0.005;0.018;0;0;0;1;0;0;0;0;1;1;1;1;1;4.91E-03;0;0;0;0;1;0;0;0;0;0
HTTP;0.55;0;0.27;0;0.554;0;0;1;0;0;0;0;0;1;1;1;1;1;1.80E-01;0;0;0;0;1;0;0;0;0;0
AS;0.025;0;0.455;0.005;0.018;1;1;0;0;0;0;0;0;1;1;1;1;1;4.91E-03;0;1;0;0;0;0;0;0;0;0
HTTP;0.585;0;0.24;0;0.568;0;0;1;0;0;0;0;0;1;1;1;1;1;1.81E-02;0;0;0;0;1;0;0;0;0;0
HTTP;0.605;0;0.22;0;0.576;0;0;1;0;0;0;0;0;1;1;1;1;1;1.81E-02;0;0;0;0;1;0;0;0;0;0
UK;0;0;0.22;0;0;0;0;1;0;0;0;0;0;1;1;1;1;1;1.69E-01;0;0;0;0;0;0;0;0;0;1
AS;0;0;0.205;0;0;0;0;1;0;0;0;0;0;1;1;1;1;1;5.31E-01;0;1;0;0;0;0;0;0;0;0
HTTP;0.015;0;0.445;0;0.006;0;0;1;0;0;0;0;0;1;1;1;1;1;1.76E-01;0;0;0;0;1;0;0;0;0;0
HTTP;0.565;0;0.255;0;0.564;0;0;1;0;0;0;0;0;1;1;1;1;1;1.78E-01;0;0;0;0;1;0;0;0;0;0
AS;0;0;0.29;0;0;0;0;1;0;0;0;0;0;1;1;1;1;1;6.59E-01;0;1;0;0;0;0;0;0;0;0
HTTP;0.505;0;0.305;0;0.544;0;0;1;0;0;0;0;0;1;1;1;1;1;1.78E-01;0;0;0;0;1;0;0;0;0;0
HTTP;0.03;0;0.085;0;0.026;1;0;0;1;0;0;0;0;1;1;1;1;1;4.91E-03;0;0;0;0;1;0;0;0;0;0
HTTP;0.025;0;0.085;0.005;0.022;0;0;1;0;0;0;0;0;1;1;1;1;1;2.12E-01;0;0;0;0;1;0;0;0;0;0
AS;0;0;0.46;0;0.002;1;1;0;0;0;0;0;0;1;1;1;1;1;4.91E-03;0;1;0;0;0;0;0;0;0;0
AS;0.01;0;0.46;0;0.014;0;0;1;0;0;0;0;0;1;1;1;1;1;5.37E-01;0;1;0;0;0;0;0;0;0;0
AS;0.005;0;0.33;0.005;0.002;1;1;0;0;0;0;0;0;1;1;1;1;1;4.91E-03;0;1;0;0;0;0;0;0;0;0
AS;0.01;0;0.33;0.005;0.004;0;0;1;0;0;0;0;0;1;1;1;1;1;6.59E-01;0;1;0;0;0;0;0;0;0;0
HTTP;0.04;0;0.34;0;0.024;0;0;1;0;0;0;0;0;1;1;1;1;1;1.78E-01;0;0;0;0;1;0;0;0;0;0
AS;0;0;0.42;0;0;1;1;0;0;0;0;0;0;1;1;1;1;1;4.91E-03;0;1;0;0;0;0;0;0;0;0
HTTP;0.35;0;0.425;0;0.518;0;0;1;0;0;0;0;0;1;1;1;1;1;1.78E-01;0;0;0;0;1;0;0;0;0;0
HTTP;0.005;0;0.425;0;0.006;0;0;1;0;0;0;0;0;1;1;1;1;1;1.79E-01;0;0;0;0;1;0;0;0;0;0
AS;0;0;0.42;0;0.002;0;0;1;0;0;0;0;0;1;1;1;1;1;5.45E-01;0;1;0;0;0;0;0;0;0;0
AS;0;0;0.42;0;0.002;0;0;1;0;0;0;0;0;1;1;1;1;1;6.01E-01;0;1;0;0;0;0;0;0;0;0
HTTP;0.375;0;0.42;0;0.49;0;0;1;0;0;0;0;0;1;1;1;1;1;1.78E-01;0;0;0;0;1;0;0;0;0;0
UK;0.045;0;0.425;0;0.026;0;0;1;0;0;0;0;0;1;1;1;1;0.822;7.42E-03;0;0;0;0;0;0;0;0;0;1
AS;0;0;0.43;0;0.004;1;1;0;0;0;0;0;0;1;1;1;1;1;4.91E-03;0;1;0;0;0;0;0;0;0;0
AS;0.005;0;0.425;0;0.002;0;0;1;0;0;0;0;0;1;1;1;1;1;8.50E-02;0;1;0;0;0;0;0;0;0;0
HTTP;0.365;0;0.43;0;0.472;0;0;1;0;0;0;0;0;1;1;1;1;1;1.81E-02;0;0;0;0;1;0;0;0;0;0
AS;0;0;0.44;0;0.004;0;0;1;0;0;0;0;0;1;1;1;1;1;5.62E-01;0;1;0;0;0;0;0;0;0;0
HTTP;0.355;0;0.425;0;0.434;0;0;1;0;0;0;0;0;1;1;1;1;1;1.81E-02;0;0;0;0;1;0;0;0;0;0
HTTP;0.015;0;0.085;0;0.012;0;0;1;0;0;0;0;0;1;1;1;1;1;2.02E-01;0;0;0;0;1;0;0;0;0;0
HTTP;0.365;0;0.415;0;0.434;0;0;1;0;0;0;0;0;1;1;1;1;1;1.80E-01;0;0;0;0;1;0;0;0;0;0
HTTP;0.375;0;0.4;0;0.43;0;0;1;0;0;0;0;0;1;1;1;1;1;1.80E-01;0;0;0;0;1;0;0;0;0;0
AS;0;0;0.405;0;0.002;0;0;1;0;0;0;0;0;1;1;1;1;1;5.45E-01;0;1;0;0;0;0;0;0;0;0
HTTP;0.035;0;0.465;0.005;0.014;0;0;0;1;0;0;0;0;1;1;1;1;1;4.91E-03;0;0;0;0;1;0;0;0;0;0
HTTP;0.335;0;0.435;0;0.418;0;0;1;0;0;0;0;0;1;1;1;1;1;1.78E-01;0;0;0;0;1;0;0;0;0;0
AS;0;0;0.415;0;0;0;0;1;0;0;0;0;0;1;1;1;1;1;6.57E-01;0;1;0;0;0;0;0;0;0;0
HTTP;0.36;0;0.43;0;0.446;0;0;1;0;0;0;0;0;1;1;1;1;1;1.78E-01;0;0;0;0;1;0;0;0;0;0
HTTP;0.395;0;0.405;0;0.462;0;0;1;0;0;0;0;0;1;1;1;1;1;1.80E-01;0;0;0;0;1;0;0;0;0;0
AS;0.01;0;0.415;0.005;0.008;0;0;1;0;0;0;0;0;1;1;1;1;1;8.40E-01;0;1;0;0;0;0;0;0;0;0
HTTP;0.41;0;0.385;0;0.474;0;0;1;0;0;0;0;0;1;1;1;1;1;1.81E-02;0;0;0;0;1;0;0;0;0;0
HTTP;0.415;0;0.385;0;0.474;0;0;1;0;0;0;0;0;1;1;1;1;1;1.78E-01;0;0;0;0;1;0;0;0;0;0
HTTP;0.425;0;0.38;0;0.474;0;0;1;0;0;0;0;0;1;1;1;1;1;1.80E-01;0;0;0;0;1;0;0;0;0;0
HTTP;0.465;0;0.355;0;0.478;0;0;1;0;0;0;0;0;1;1;1;1;1;1.80E-01;0;0;0;0;1;0;0;0;0;0
HTTP;0.485;0;0.345;0;0.478;0;0;1;0;0;0;0;0;1;1;1;1;1;1.78E-01;0;0;0;0;1;0;0;0;0;0
HTTP;0.49;0;0.345;0;0.478;0;0;1;0;0;0;0;0;1;1;1;1;1;1.78E-01;0;0;0;0;1;0;0;0;0;0
HTTP;0.54;0;0.3;0;0.49;0;0;1;0;0;0;0;0;1;1;1;1;1;1.80E-01;0;0;0;0;1;0;0;0;0;0
HTTP;0.555;0;0.295;0;0.496;0;0;1;0;0;0;0;0;1;1;1;1;1;1.78E-01;0;0;0;0;1;0;0;0;0;0
HTTP;0.57;0;0.28;0;0.5;0;0;1;0;0;0;0;0;1;1;1;1;1;1.80E-01;0;0;0;0;1;0;0;0;0;0
HTTP;0.59;0;0.265;0;0.5;0;0;1;0;0;0;0;0;1;1;1;1;1;1.80E-01;0;0;0;0;1;0;0;0;0;0
HTTP;0.61;0;0.24;0;0.496;0;0;1;0;0;0;0;0;1;1;1;1;1;1.78E-01;0;0;0;0;1;0;0;0;0;0
HTTP;0.655;0;0.225;0;0.498;0;0;1;0;0;0;0;0;1;1;1;1;1;1.80E-01;0;0;0;0;1;0;0;0;0;0
HTTP;0.71;0;0.19;0;0.498;0;0;1;0;0;0;0;0;1;1;1;1;1;1.80E-01;0;0;0;0;1;0;0;0;0;0
AS;0.005;0;0.18;0.395;0.006;0;0;0;1;0;0;0;0;1;1;1;1;0.84;4.91E-03;0;1;0;0;0;0;0;0;0;0
HTTP;0.765;0;0.15;0;0.528;0;0;1;0;0;0;0;0;1;1;1;1;1;1.78E-01;0;0;0;0;1;0;0;0;0;0
HTTP;0.77;0;0.135;0;0.54;0;0;1;0;0;0;0;0;1;1;1;1;1;1.80E-01;0;0;0;0;1;0;0;0;0;0
HTTP;0.805;0;0.105;0;0.554;0;0;1;0;0;0;0;0;1;1;1;1;1;1.81E-02;0;0;0;0;1;0;0;0;0;0
HTTP;0.83;0;0.075;0;0.566;0;0;1;0;0;0;0;0;1;1;1;1;1;1.80E-01;0;0;0;0;1;0;0;0;0;0
HTTP;0.01;0;0.075;0;0.008;0;0;1;0;0;0;0;0;1;1;1;1;1;7.81E-01;0;0;0;0;1;0;0;0;0;0
HTTP;0.83;0;0.08;0;0.564;0;0;1;0;0;0;0;0;1;1;1;1;1;1.78E-01;0;0;0;0;1;0;0;0;0;0
HTTP;0.87;0;0.055;0;0.566;0;0;1;0;0;0;0;0;1;1;1;1;1;1.78E-01;0;0;0;0;1;0;0;0;0;0
HTTP;0.91;0;0.025;0;0.612;0;0;1;0;0;0;0;0;1;1;1;1;1;1.78E-01;0;0;0;0;1;0;0;0;0;0
HTTP;0.91;0;0.025;0;0.614;0;0;1;0;0;0;0;0;1;1;1;1;1;1.80E-01;0;0;0;0;1;0;0;0;0;0
HTTP;0.075;0;0.45;0;0.03;0;0;1;0;0;0;0;0;1;1;1;1;1;2.15E-02;0;0;0;0;1;0;0;0;0;0
HTTP;0.105;0;0.44;0.005;0.042;0;0;1;0;0;0;0;0;1;1;1;1;1;5.55E-02;0;0;0;0;1;0;0;0;0;0
HTTP;0;0;0.025;0;0;0;0;1;0;0;0;0;0;1;1;1;1;1;1.50E-01;0;0;0;0;1;0;0;0;0;0
HTTP;0.895;0;0.025;0;0.612;0;0;1;0;0;0;0;0;1;1;1;1;1;1.81E-02;0;0;0;0;1;0;0;0;0;0
HTTP;0.895;0;0.025;0;0.636;0;0;1;0;0;0;0;0;1;1;1;1;1;1.81E-02;0;0;0;0;1;0;0;0;0;0
AS;0.005;0;0.045;0.005;0.002;1;1;0;0;0;0;0;0;1;1;1;1;1;4.91E-03;0;1;0;0;0;0;0;0;0;0
AS;0;0;0.055;0;0.004;0;0;1;0;0;0;0;0;1;1;1;1;1;5.43E-01;0;1;0;0;0;0;0;0;0;0
AS;0.01;0;0.445;0;0.012;0;0;1;0;0;0;0;0;1;1;1;1;1;5.69E-01;0;1;0;0;0;0;0;0;0;0
HTTP;0.04;0;0.105;0;0.034;0;0;1;0;0;0;0;0;1;1;1;1;1;2.57E-01;0;0;0;0;1;0;0;0;0;0
HTTP;0.045;0;0.11;0;0.034;0;0;1;0;0;0;0;0;1;1;1;1;1;2.02E-01;0;0;0;0;1;0;0;0;0;0
AS;0.015;0;0.445;0.005;0.014;1;1;0;0;0;0;0;0;1;1;1;1;1;4.91E-03;0;1;0;0;0;0;0;0;0;0
AS;0.01;0;0.445;0;0.008;0;0;1;0;0;0;0;0;1;1;1;1;1;5.29E-01;0;1;0;0;0;0;0;0;0;0
HTTP;0.085;0;0.065;0;0.034;0;0;1;0;0;0;0;0;1;1;1;1;1;1.50E-01;0;0;0;0;1;0;0;0;0;0
HTTP;0.12;0;0.065;0;0.048;0;0;1;0;0;0;0;0;1;1;1;1;1;1.50E-01;0;0;0;0;1;0;0;0;0;0
HTTP;0.695;0;0.065;0;0.636;0;0;1;0;0;0;0;0;1;1;1;1;1;1.80E-01;0;0;0;0;1;0;0;0;0;0
AS;0.005;0;0.06;0;0.002;0;0;1;0;0;0;0;0;1;1;1;1;1;5.94E-02;0;1;0;0;0;0;0;0;0;0
AS;0.005;0;0.065;0.005;0.004;1;1;0;0;0;0;0;0;1;1;1;1;1;4.91E-03;0;1;0;0;0;0;0;0;0;0
AS;0;0;0.07;0;0;0;0;1;0;0;0;0;0;1;1;1;1;1;5.35E-01;0;1;0;0;0;0;0;0;0;0
AS;0;0;0.105;0;0;1;1;0;0;0;0;0;0;1;1;1;1;1;4.91E-03;0;1;0;0;0;0;0;0;0;0
HTTP;0.225;0;0.105;0;0.09;0;0;1;0;0;0;0;0;1;1;1;1;1;2.15E-01;0;0;0;0;1;0;0;0;0;0
HTTP;0.25;0;0.105;0;0.1;0;0;1;0;0;0;0;0;1;1;1;1;1;1.66E-01;0;0;0;0;1;0;0;0;0;0
NW;0.01;0;0.165;0;0.004;0;0;1;0;0;0;0;0;1;1;1;1;0.842;7.79E-02;0;0;0;0;0;0;0;1;0;0
HTTP;0.325;0;0.175;0;0.13;0;0;1;0;0;0;0;0;1;1;1;1;1;1.89E-01;0;0;0;0;1;0;0;0;0;0
HTTP;0.335;0;0.235;0;0.134;0;0;1;0;0;0;0;0;1;1;1;1;1;1.52E-01;0;0;0;0;1;0;0;0;0;0
AS;0.01;0;0.255;0;0.004;1;1;0;0;0;0;0;0;1;1;1;1;1;4.91E-03;0;1;0;0;0;0;0;0;0;0
AS;0.035;0;0.12;0.395;0.034;0;0;0;1;0;0;0;0;1;1;1;1;0.852;4.91E-03;0;1;0;0;0;0;0;0;0;0
UK;0;0;0.12;0;0;0;0;1;0;0;0;0;0;1;1;1;1;1;3.34E-01;0;0;0;0;0;0;0;0;0;1
HTTP;0.03;0;0.44;0;0.032;0;0;1;0;0;0;0;0;1;1;1;1;1;6.57E-02;0;0;0;0;1;0;0;0;0;0
AS;0.01;0;0.44;0.005;0.012;0;0;1;0;0;0;0;0;1;1;1;1;1;5.49E-01;0;1;0;0;0;0;0;0;0;0
AS;0;0;0.275;0;0;0;0;1;0;0;0;0;0;1;1;1;1;1;6.54E-01;0;1;0;0;0;0;0;0;0;0
AS;0.005;0;0.295;0.005;0.006;1;1;0;0;0;0;0;0;1;1;1;1;1;4.91E-03;0;1;0;0;0;0;0;0;0;0
AS;0;0;0.29;0;0;0;0;1;0;0;0;0;0;1;1;1;1;1;5.37E-01;0;1;0;0;0;0;0;0;0;0
HTTP;0.39;0;0.295;0;0.17;0;0;1;0;0;0;0;0;1;1;1;1;1;1.42E-02;0;0;0;0;1;0;0;0;0;0
HTTP;0.4;0;0.28;0;0.18;0;0;1;0;0;0;0;0;1;1;1;1;1;1.52E-01;0;0;0;0;1;0;0;0;0;0
HTTP;0.435;0;0.28;0;0.198;0;0;1;0;0;0;0;0;1;1;1;1;1;1.87E-01;0;0;0;0;1;0;0;0;0;0
HTTP;0.18;0;0.28;0;0.554;0;0;1;0;0;0;0;0;1;1;1;1;1;1.80E-01;0;0;0;0;1;0;0;0;0;0
HTTP;0.43;0;0.28;0;0.23;0;0;1;0;0;0;0;0;1;1;1;1;1;1.48E-01;0;0;0;0;1;0;0;0;0;0
HTTP;0.49;0;0.23;0;0.278;0;0;1;0;0;0;0;0;1;1;1;1;1;1.48E-01;0;0;0;0;1;0;0;0;0;0
HTTP;0.495;0;0.225;0;0.3;0;0;1;0;0;0;0;0;1;1;1;1;1;1.52E-01;0;0;0;0;1;0;0;0;0;0
HTTP;0.5;0;0.22;0;0.302;0;0;1;0;0;0;0;0;1;1;1;1;1;2.31E+00;0;0;0;0;1;0;0;0;0;0
HTTP;0.585;0;0.165;0;0.346;0;0;1;0;0;0;0;0;1;1;1;1;1;1.49E-01;0;0;0;0;1;0;0;0;0;0
HTTP;0.62;0;0.15;0;0.364;0;0;1;0;0;0;0;0;1;1;1;1;1;4.58E+00;0;0;0;0;1;0;0;0;0;0
HTTP;0.64;0;0.135;0;0.39;0;0;1;0;0;0;0;0;1;1;1;1;1;2.17E-01;0;0;0;0;1;0;0;0;0;0
HTTP;0.665;0;0.115;0;0.4;0;0;1;0;0;0;0;0;1;1;1;1;1;1.47E-01;0;0;0;0;1;0;0;0;0;0
HTTP;0.69;0;0.095;0;0.41;0;0;1;0;0;0;0;0;1;1;1;1;1;1.48E-01;0;0;0;0;1;0;0;0;0;0
HTTP;0.71;0;0.07;0;0.436;0;0;1;0;0;0;0;0;1;1;1;1;1;1.43E-02;0;0;0;0;1;0;0;0;0;0
HTTP;0.72;0;0.075;0;0.458;0;0;1;0;0;0;0;0;1;1;1;1;1;1.43E-02;0;0;0;0;1;0;0;0;0;0
HTTP;0.155;0;0.06;0;0.278;0;0;1;0;0;0;0;0;1;1;1;1;1;1.81E-02;0;0;0;0;1;0;0;0;0;0
HTTP;0.74;0;0.06;0;0.506;0;0;1;0;0;0;0;0;1;1;1;1;1;2.23E+00;0;0;0;0;1;0;0;0;0;0
HTTP;0.74;0;0.06;0;0.512;0;0;1;0;0;0;0;0;1;1;1;1;1;1.89E-01;0;0;0;0;1;0;0;0;0;0
HTTP;0.745;0;0.06;0;0.514;0;0;1;0;0;0;0;0;1;1;1;1;1;1.87E-01;0;0;0;0;1;0;0;0;0;0
HTTP;0.755;0;0.06;0;0.56;0;0;1;0;0;0;0;0;1;1;1;1;1;2.15E-01;0;0;0;0;1;0;0;0;0;0
HTTP;0.135;0;0.06;0;0.21;0;0;1;0;0;0;0;0;1;1;1;1;1;1.78E-01;0;0;0;0;1;0;0;0;0;0
HTTP;0.765;0;0.06;0;0.59;0;0;1;0;0;0;0;0;1;1;1;1;1;1.38E-01;0;0;0;0;1;0;0;0;0;0
HTTP;0.78;0;0.06;0;0.602;0;0;1;0;0;0;0;0;1;1;1;1;1;0.001058076;0;0;0;0;1;0;0;0;0;0
HTTP;0.78;0;0.06;0;0.604;0;0;1;0;0;0;0;0;1;1;1;1;1;1.87E-01;0;0;0;0;1;0;0;0;0;0
HTTP;0.78;0;0.06;0;0.62;0;0;1;0;0;0;0;0;1;1;1;1;1;1.89E-01;0;0;0;0;1;0;0;0;0;0
HTTP;0.77;0;0.06;0;0.626;0;0;1;0;0;0;0;0;1;1;1;1;1;1.38E-01;0;0;0;0;1;0;0;0;0;0
HTTP;0.77;0;0.06;0;0.636;0;0;1;0;0;0;0;0;1;1;1;1;1;1.50E-01;0;0;0;0;1;0;0;0;0;0
HTTP;0.755;0;0.06;0;0.642;0;0;1;0;0;0;0;0;1;1;1;1;1;0.000142023;0;0;0;0;1;0;0;0;0;0
HTTP;0.16;0;0.06;0;0.16;0;0;1;0;0;0;0;0;1;1;1;1;1;1.81E-02;0;0;0;0;1;0;0;0;0;0
HTTP;0.755;0;0.06;0;0.652;0;0;1;0;0;0;0;0;1;1;1;1;1;1.48E-01;0;0;0;0;1;0;0;0;0;0
HTTP;0.755;0;0.06;0;0.656;0;0;1;0;0;0;0;0;1;1;1;1;1;1.87E-01;0;0;0;0;1;0;0;0;0;0
HTTP;0.765;0;0.06;0;0.666;0;0;1;0;0;0;0;0;1;1;1;1;1;1.52E-01;0;0;0;0;1;0;0;0;0;0
HTTP;0.79;0;0.03;0;0.672;0;0;1;0;0;0;0;0;1;1;1;1;1;1.43E-02;0;0;0;0;1;0;0;0;0;0
HTTP;0.8;0;0.025;0;0.676;0;0;1;0;0;0;0;0;1;1;1;1;1;1.50E-01;0;0;0;0;1;0;0;0;0;0
HTTP;0.15;0;0.015;0;0.16;0;0;1;0;0;0;0;0;1;1;1;1;1;1.80E-01;0;0;0;0;1;0;0;0;0;0
HTTP;0.82;0;0.01;0;0.674;0;0;1;0;0;0;0;0;1;1;1;1;1;1.52E-01;0;0;0;0;1;0;0;0;0;0
HTTP;0.835;0;0;0;0.678;0;0;1;0;0;0;0;0;1;1;1;1;1;1.88E-01;0;0;0;0;1;0;0;0;0;0
HTTP;0.835;0;0;0;0.69;0;0;1;0;0;0;0;0;1;1;1;1;1;1.70E-01;0;0;0;0;1;0;0;0;0;0
HTTP;0.845;0;0;0;0.706;0;0;1;0;0;0;0;0;1;1;1;1;1;1.84E-01;0;0;0;0;1;0;0;0;0;0
HTTP;0.15;0;0;0;0.156;0;0;1;0;0;0;0;0;1;1;1;1;1;1.81E-02;0;0;0;0;1;0;0;0;0;0
HTTP;0.83;0;0;0;0.718;0;0;1;0;0;0;0;0;1;1;1;1;1;1.47E-01;0;0;0;0;1;0;0;0;0;0
HTTP;0.84;0;0;0;0.744;0;0;1;0;0;0;0;0;1;1;1;1;1;1.87E-01;0;0;0;0;1;0;0;0;0;0
HTTP;0.835;0;0;0;0.742;0;0;1;0;0;0;0;0;1;1;1;1;1;6.78E+00;0;0;0;0;1;0;0;0;0;0
HTTP;0.165;0;0;0;0.168;0;0;1;0;0;0;0;0;1;1;1;1;1;1.81E-02;0;0;0;0;1;0;0;0;0;0
HTTP;0.81;0;0;0;0.758;0;0;1;0;0;0;0;0;1;1;1;1;1;2.15E-02;0;0;0;0;1;0;0;0;0;0
HTTP;0.81;0;0;0;0.76;0;0;1;0;0;0;0;0;1;1;1;1;1;1.48E-01;0;0;0;0;1;0;0;0;0;0
HTTP;0.815;0;0;0;0.77;0;0;1;0;0;0;0;0;1;1;1;1;1;2.15E-02;0;0;0;0;1;0;0;0;0;0
HTTP;0.81;0;0;0;0.786;0;0;1;0;0;0;0;0;1;1;1;1;1;1.48E-01;0;0;0;0;1;0;0;0;0;0
HTTP;0.82;0;0;0;0.792;0;0;1;0;0;0;0;0;1;1;1;1;1;1.50E-01;0;0;0;0;1;0;0;0;0;0
HTTP;0.825;0;0;0;0.796;0;0;1;0;0;0;0;0;1;1;1;1;1;2.10E-01;0;0;0;0;1;0;0;0;0;0
HTTP;0.825;0;0;0;0.796;0;0;1;0;0;0;0;0;1;1;1;1;1;2.17E-01;0;0;0;0;1;0;0;0;0;0
HTTP;0.155;0;0;0;0.158;0;0;1;0;0;0;0;0;1;1;1;1;1;1.81E-02;0;0;0;0;1;0;0;0;0;0
HTTP;0.84;0;0;0;0.806;0;0;1;0;0;0;0;0;1;1;1;1;1;1.52E-01;0;0;0;0;1;0;0;0;0;0
HTTP;0.84;0;0;0;0.806;0;0;1;0;0;0;0;0;1;1;1;1;1;2.17E-01;0;0;0;0;1;0;0;0;0;0
HTTP;0.155;0;0;0;0.152;0;0;1;0;0;0;0;0;1;1;1;1;1;1.78E-01;0;0;0;0;1;0;0;0;0;0
HTTP;0.835;0;0;0;0.806;0;0;1;0;0;0;0;0;1;1;1;1;1;1.45E-01;0;0;0;0;1;0;0;0;0;0
HTTP;0.84;0;0;0;0.808;0;0;1;0;0;0;0;0;1;1;1;1;1;1.52E-01;0;0;0;0;1;0;0;0;0;0
HTTP;0.85;0;0;0;0.818;0;0;1;0;0;0;0;0;1;1;1;1;1;1.43E-02;0;0;0;0;1;0;0;0;0;0
HTTP;0.85;0;0;0;0.818;0;0;1;0;0;0;0;0;1;1;1;1;1;1.66E-01;0;0;0;0;1;0;0;0;0;0
HTTP;0.85;0;0;0;0.818;0;0;1;0;0;0;0;0;1;1;1;1;1;1.88E-01;0;0;0;0;1;0;0;0;0;0
HTTP;0.88;0;0;0;0.818;0;0;1;0;0;0;0;0;1;1;1;1;1;1.38E-01;0;0;0;0;1;0;0;0;0;0
HTTP;0.88;0;0;0;0.82;0;0;1;0;0;0;0;0;1;1;1;1;1;1.47E-01;0;0;0;0;1;0;0;0;0;0
HTTP;0.88;0;0;0;0.82;0;0;1;0;0;0;0;0;1;1;1;1;1;1.89E-01;0;0;0;0;1;0;0;0;0;0
HTTP;0.89;0;0;0;0.82;0;0;1;0;0;0;0;0;1;1;1;1;1;1.52E-01;0;0;0;0;1;0;0;0;0;0
HTTP;0.89;0;0;0;0.824;0;0;1;0;0;0;0;0;1;1;1;1;1;1.42E-02;0;0;0;0;1;0;0;0;0;0
AS;0.025;0;0.44;0.005;0.018;1;1;0;0;0;0;0;0;1;1;1;1;1;4.91E-03;0;1;0;0;0;0;0;0;0;0
HTTP;0;0;0.42;0;0.002;0;0;1;0;0;0;0;0;1;1;1;1;1;5.52E-02;0;0;0;0;1;0;0;0;0;0
UK;0.005;0;0.415;0;0.002;0;0;1;0;0;0;0;0;1;1;1;1;0.86;2.62E-01;0;0;0;0;0;0;0;0;0;1
AS;0;0;0.075;0;0;0;0;1;0;0;0;0;0;1;1;1;1;1;5.60E-02;0;1;0;0;0;0;0;0;0;0
UK;0.07;0;0.39;0;0.028;1;0;0;0;0;0;0;0;1;1;1;1;0.892;1.51E-02;0;0;0;0;0;0;0;0;0;1
UK;0.085;0;0.385;0;0.034;1;0;0;0;0;0;0;0;1;1;1;1;0.898;2.03E-02;0;0;0;0;0;0;0;0;0;1
AS;0.01;0;0.375;0;0.01;0;0;1;0;0;0;0;0;1;1;1;1;1;5.66E-01;0;1;0;0;0;0;0;0;0;0
AS;0;0;0.105;0;0;1;1;0;0;0;0;0;0;1;1;1;1;1;4.91E-03;0;1;0;0;0;0;0;0;0;0
HTTP;0.735;0;0.105;0;0.8;0;0;1;0;0;0;0;0;1;1;1;1;1;1.87E-01;0;0;0;0;1;0;0;0;0;0
HTTP;0.735;0;0.105;0;0.8;0;0;1;0;0;0;0;0;1;1;1;1;1;1.49E-01;0;0;0;0;1;0;0;0;0;0
AS;0.015;0;0.395;0.005;0.01;1;1;0;0;0;0;0;0;1;1;1;1;1;4.91E-03;0;1;0;0;0;0;0;0;0;0
HTTP;0;0;0.395;0;0;0;0;1;0;0;0;0;0;1;1;1;1;1;5.52E-02;0;0;0;0;1;0;0;0;0;0
AS;0.005;0;0.135;0.005;0.002;1;1;0;0;0;0;0;0;1;1;1;1;1;4.91E-03;0;1;0;0;0;0;0;0;0;0
HTTP;0.01;0;0.39;0;0.01;0;0;1;0;0;0;0;0;1;1;1;1;1;5.51E-02;0;0;0;0;1;0;0;0;0;0
RA;0;0;0.375;0;0;0;0;1;0;0;0;0;0;1;1;1;1;1;1.03E+00;0;0;0;0;0;0;0;0;1;0
AS;0.005;0;0.185;0.005;0.002;0;0;1;0;0;0;0;0;1;1;1;1;1;5.40E-01;0;1;0;0;0;0;0;0;0;0
HTTP;0.06;0;0.21;0;0.114;0;0;1;0;0;0;0;0;1;1;1;1;1;1.78E-01;0;0;0;0;1;0;0;0;0;0
UK;0.01;0;0.12;0;0.008;0;0;1;0;0;0;0;0;1;1;1;1;1;2.75E-01;0;0;0;0;0;0;0;0;0;1
HTTP;0.06;0;0.105;0;0.026;1;1;0;0;0;0;0;0;1;1;1;1;1;9.94E-04;0;0;0;0;1;0;0;0;0;0
HTTP;0;0;0.37;0.215;0;0;0;0;1;0;0;0;0;1;1;1;1;0.91;4.91E-03;0;0;0;0;1;0;0;0;0;0
NW;0;0;0.37;0;0;0;0;1;0;0;0;0;0;1;1;1;1;0.914;7.79E-02;0;0;0;0;0;0;0;1;0;0
AS;0.01;0;0.35;0.31;0.014;0;0;0;1;0;0;0;0;1;1;1;1;0.956;4.91E-03;0;1;0;0;0;0;0;0;0;0
AS;0;0;0.23;0;0;0;0;1;0;0;0;0;0;1;1;1;1;1;5.60E-01;0;1;0;0;0;0;0;0;0;0
HTTP;0.535;0;0.265;0;0.724;0;0;1;0;0;0;0;0;1;1;1;1;1;1.87E-01;0;0;0;0;1;0;0;0;0;0
HTTP;0.535;0;0.265;0;0.726;0;0;1;0;0;0;0;0;1;1;1;1;1;1.87E-01;0;0;0;0;1;0;0;0;0;0
AS;0.01;0;0.34;0;0.012;1;1;0;0;0;0;0;0;1;1;1;1;1;4.91E-03;0;1;0;0;0;0;0;0;0;0
HTTP;0.55;0;0.265;0;0.734;0;0;1;0;0;0;0;0;1;1;1;1;1;1.47E-01;0;0;0;0;1;0;0;0;0;0
HTTP;0.045;0;0.265;0;0.096;0;0;1;0;0;0;0;0;1;1;1;1;1;1.80E-01;0;0;0;0;1;0;0;0;0;0
HTTP;0.54;0;0.265;0;0.734;0;0;1;0;0;0;0;0;1;1;1;1;1;1.87E-01;0;0;0;0;1;0;0;0;0;0
HTTP;0.545;0;0.265;0;0.736;0;0;1;0;0;0;0;0;1;1;1;1;1;1.47E-01;0;0;0;0;1;0;0;0;0;0
HTTP;0.545;0;0.265;0;0.738;0;0;1;0;0;0;0;0;1;1;1;1;1;1.65E-02;0;0;0;0;1;0;0;0;0;0
HTTP;0.065;0;0.105;0;0.044;0;0;1;0;0;0;0;0;1;1;1;1;1;2.02E-01;0;0;0;0;1;0;0;0;0;0
HTTP;0.07;0;0.105;0.005;0.046;0;0;0;1;0;0;0;0;1;1;1;1;1;4.91E-03;0;0;0;0;1;0;0;0;0;0
HTTP;0;0;0.105;0;0;1;1;0;0;0;0;0;0;1;1;1;1;1;9.94E-04;0;0;0;0;1;0;0;0;0;0
HTTP;0.02;0;0.1;0.005;0.022;0;0;0;1;0;0;0;0;1;1;1;1;1;4.91E-03;0;0;0;0;1;0;0;0;0;0
HTTP;0;0;0.1;0;0.002;0;0;1;0;0;0;0;0;1;1;1;1;1;2.41E-01;0;0;0;0;1;0;0;0;0;0
HTTP;0.54;0;0.265;0;0.736;0;0;1;0;0;0;0;0;1;1;1;1;1;1.45E-01;0;0;0;0;1;0;0;0;0;0
HTTP;0.58;0;0.23;0;0.736;0;0;1;0;0;0;0;0;1;1;1;1;1;1.50E-01;0;0;0;0;1;0;0;0;0;0
AS;0;0;0.175;0;0;0;0;1;0;0;0;0;0;1;1;1;1;1;8.61E-01;0;1;0;0;0;0;0;0;0;0
AS;0;0;0.19;0;0;0;0;1;0;0;0;0;0;1;1;1;1;1;5.86E-01;0;1;0;0;0;0;0;0;0;0
HTTP;0.635;0;0.215;0;0.718;0;0;1;0;0;0;0;0;1;1;1;1;1;1.48E-01;0;0;0;0;1;0;0;0;0;0
AS;0.01;0;0.24;0.005;0.004;0;0;1;0;0;0;0;0;1;1;1;1;1;6.54E-01;0;1;0;0;0;0;0;0;0;0
HTTP;0.02;0;0.235;0;0.012;1;1;0;0;0;0;0;0;1;1;1;1;1;9.94E-04;0;0;0;0;1;0;0;0;0;0
HTTP;0.05;0;0.225;0;0.074;0;0;1;0;0;0;0;0;1;1;1;1;1;1.78E-01;0;0;0;0;1;0;0;0;0;0
HTTP;0.6;0;0.225;0;0.688;0;0;1;0;0;0;0;0;1;1;1;1;1;1.48E-01;0;0;0;0;1;0;0;0;0;0
HTTP;0.01;0;0.165;0.015;0.014;1;0;1;0;0;0;0;0;1;1;1;1;1;1.64E-01;0;0;0;0;1;0;0;0;0;0
HTTP;0.66;0;0.165;0;0.688;0;0;1;0;0;0;0;0;1;1;1;1;1;1.50E-01;0;0;0;0;1;0;0;0;0;0
HTTP;0.075;0;0.135;0;0.07;0;0;1;0;0;0;0;0;1;1;1;1;1;1.81E-02;0;0;0;0;1;0;0;0;0;0
HTTP;0.69;0;0.11;0;0.672;0;0;1;0;0;0;0;0;1;1;1;1;1;0.000144639;0;0;0;0;1;0;0;0;0;0
AS;0;0;0.115;0;0;0;0;1;0;0;0;0;0;1;1;1;1;1;5.67E-01;0;1;0;0;0;0;0;0;0;0
AS;0;0;0.15;0;0;0;0;1;0;0;0;0;0;1;1;1;1;1;6.59E-01;0;1;0;0;0;0;0;0;0;0
HTTP;0.15;0;0.16;0;0.092;0;0;1;0;0;0;0;0;1;1;1;1;1;1.78E-01;0;0;0;0;1;0;0;0;0;0
HTTP;0.16;0;0.16;0;0.096;0;0;1;0;0;0;0;0;1;1;1;1;1;1.80E-01;0;0;0;0;1;0;0;0;0;0
AS;0;0;0.195;0;0;0;0;1;0;0;0;0;0;1;1;1;1;1;5.67E-01;0;1;0;0;0;0;0;0;0;0
AS;0.005;0;0.2;0.005;0.002;1;1;0;0;0;0;0;0;1;1;1;1;1;4.91E-03;0;1;0;0;0;0;0;0;0;0
AS;0;0;0.21;0;0;0;0;1;0;0;0;0;0;1;1;1;1;1;5.35E-01;0;1;0;0;0;0;0;0;0;0
HTTP;0.16;0;0.215;0;0.102;0;0;1;0;0;0;0;0;1;1;1;1;1;1.81E-02;0;0;0;0;1;0;0;0;0;0
HTTP;0.185;0;0.215;0;0.112;0;0;1;0;0;0;0;0;1;1;1;1;1;1.79E-01;0;0;0;0;1;0;0;0;0;0
HTTP;0.23;0;0.18;0;0.124;0;0;1;0;0;0;0;0;1;1;1;1;1;1.80E-01;0;0;0;0;1;0;0;0;0;0
HTTP;0.275;0;0.16;0;0.14;0;0;1;0;0;0;0;0;1;1;1;1;1;1.80E-01;0;0;0;0;1;0;0;0;0;0
AS;0;0;0.175;0;0;0;0;1;0;0;0;0;0;1;1;1;1;1;5.76E-01;0;1;0;0;0;0;0;0;0;0
HTTP;0.295;0;0.185;0;0.15;0;0;1;0;0;0;0;0;1;1;1;1;1;1.81E-02;0;0;0;0;1;0;0;0;0;0
HTTP;0.31;0;0.18;0;0.156;0;0;1;0;0;0;0;0;1;1;1;1;1;1.80E-01;0;0;0;0;1;0;0;0;0;0
HTTP;0.37;0;0.165;0;0.186;0;0;1;0;0;0;0;0;1;1;1;1;1;1.81E-02;0;0;0;0;1;0;0;0;0;0
HTTP;0.39;0;0.165;0;0.194;0;0;1;0;0;0;0;0;1;1;1;1;1;1.78E-01;0;0;0;0;1;0;0;0;0;0
HTTP;0.395;0;0.165;0;0.196;0;0;1;0;0;0;0;0;1;1;1;1;1;1.81E-02;0;0;0;0;1;0;0;0;0;0
HTTP;0.4;0;0.165;0;0.2;0;0;1;0;0;0;0;0;1;1;1;1;1;1.78E-01;0;0;0;0;1;0;0;0;0;0
AS;0;0;0.175;0;0;0;0;1;0;0;0;0;0;1;1;1;1;1;7.92E-02;0;1;0;0;0;0;0;0;0;0
HTTP;0.005;0;0.18;0;0.004;0;0;1;0;0;0;0;0;1;1;1;1;1;4.66E-02;0;0;0;0;1;0;0;0;0;0
AS;0;0;0.185;0;0.004;0;0;1;0;0;0;0;0;1;1;1;1;1;5.37E-01;0;1;0;0;0;0;0;0;0;0
AS;0.005;0;0.19;0;0.002;1;1;0;0;0;0;0;0;1;1;1;1;1;4.91E-03;0;1;0;0;0;0;0;0;0;0
AS;0.005;0;0.21;0.005;0.002;0;0;1;0;0;0;0;0;1;1;1;1;1;7.42E-01;0;1;0;0;0;0;0;0;0;0
UK;0;0;0.22;0;0;1;0;0;0;1;0;0;0;1;1;1;1;1;4.87E+00;0;0;0;0;0;0;0;0;0;1
HTTP;0.42;0;0.225;0;0.23;0;0;1;0;0;0;0;0;1;1;1;1;1;1.81E-02;0;0;0;0;1;0;0;0;0;0
HTTP;0.095;0;0.225;0;0.05;1;1;0;0;0;0;0;0;1;1;1;1;1;9.94E-04;0;0;0;0;1;0;0;0;0;0
HTTP;0.05;0;0.18;0;0.368;0;0;1;0;0;0;0;0;1;1;1;1;1;0.008124345;0;0;0;0;1;0;0;0;0;0
HTTP;0.48;0;0.185;0;0.268;0;0;1;0;0;0;0;0;1;1;1;1;1;1.78E-01;0;0;0;0;1;0;0;0;0;0
HTTP;0.54;0;0.155;0;0.292;0;0;1;0;0;0;0;0;1;1;1;1;1;1.78E-01;0;0;0;0;1;0;0;0;0;0
HTTP;0.55;0;0.155;0;0.296;0;0;1;0;0;0;0;0;1;1;1;1;1;1.78E-01;0;0;0;0;1;0;0;0;0;0
HTTP;0.595;0;0.13;0;0.314;0;0;1;0;0;0;0;0;1;1;1;1;1;1.81E-02;0;0;0;0;1;0;0;0;0;0
HTTP;0.6;0;0.13;0;0.326;0;0;1;0;0;0;0;0;1;1;1;1;1;1.78E-01;0;0;0;0;1;0;0;0;0;0
HTTP;0.6;0;0.13;0;0.328;0;0;1;0;0;0;0;0;1;1;1;1;1;1.80E-01;0;0;0;0;1;0;0;0;0;0
HTTP;0.595;0;0.13;0;0.336;0;0;1;0;0;0;0;0;1;1;1;1;1;1.81E-02;0;0;0;0;1;0;0;0;0;0
HTTP;0.605;0;0.13;0;0.346;0;0;1;0;0;0;0;0;1;1;1;1;1;1.81E-02;0;0;0;0;1;0;0;0;0;0
HTTP;0.62;0;0.13;0;0.352;0;0;1;0;0;0;0;0;1;1;1;1;1;1.81E-02;0;0;0;0;1;0;0;0;0;0
HTTP;0.635;0;0.13;0;0.374;0;0;1;0;0;0;0;0;1;1;1;1;1;1.80E-01;0;0;0;0;1;0;0;0;0;0
HTTP;0.055;0;0.13;0;0.308;0;0;1;0;0;0;0;0;1;1;1;1;1;1.47E-01;0;0;0;0;1;0;0;0;0;0
HTTP;0.66;0;0.07;0;0.398;0;0;1;0;0;0;0;0;1;1;1;1;1;1.80E-01;0;0;0;0;1;0;0;0;0;0
HTTP;0.66;0;0.07;0;0.402;0;0;1;0;0;0;0;0;1;1;1;1;1;1.78E-01;0;0;0;0;1;0;0;0;0;0
HTTP;0.71;0;0.07;0;0.436;0;0;1;0;0;0;0;0;1;1;1;1;1;1.78E-01;0;0;0;0;1;0;0;0;0;0
HTTP;0.705;0;0.07;0;0.438;0;0;1;0;0;0;0;0;1;1;1;1;1;1.80E-01;0;0;0;0;1;0;0;0;0;0
HTTP;0;0;0.31;0;0;1;0;0;0;1;0;0;0;1;1;1;1;1;6.14E-03;0;0;0;0;1;0;0;0;0;0
AS;0.01;0;0.305;0;0.012;0;0;1;0;0;0;0;0;1;1;1;1;1;1.04E+00;0;1;0;0;0;0;0;0;0;0
AS;0.015;0;0.33;0.005;0.016;1;1;0;0;0;0;0;0;1;1;1;1;1;4.91E-03;0;1;0;0;0;0;0;0;0;0
HTTP;0.005;0;0.33;0.005;0.002;0;0;1;0;0;0;0;0;1;1;1;1;1;4.62E-02;0;0;0;0;1;0;0;0;0;0
AS;0.005;0;0.305;0.025;0.002;0;0;0;1;0;0;0;0;1;1;1;1;1;4.91E-03;0;1;0;0;0;0;0;0;0;0
HTTP;0.005;0;0.29;0;0.002;1;1;0;0;0;0;0;0;1;1;1;1;1;1.30E-02;0;0;0;0;1;0;0;0;0;0
AS;0;0;0.1;0;0;0;0;1;0;0;0;0;0;1;1;1;1;1;5.56E-01;0;1;0;0;0;0;0;0;0;0
HTTP;0.7;0;0.09;0;0.462;0;0;1;0;0;0;0;0;1;1;1;1;1;1.81E-02;0;0;0;0;1;0;0;0;0;0
AS;0.005;0;0.125;0.005;0.002;1;1;0;0;0;0;0;0;1;1;1;1;1;4.91E-03;0;1;0;0;0;0;0;0;0;0
AS;0.005;0;0.155;0;0.002;0;0;1;0;0;0;0;0;1;1;1;1;1;6.58E-01;0;1;0;0;0;0;0;0;0;0
AS;0;0;0.17;0;0;1;1;0;0;0;0;0;0;1;1;1;1;1;4.91E-03;0;1;0;0;0;0;0;0;0;0
HTTP;0.02;0;0.09;0;0.008;0;0;1;0;0;0;0;0;1;1;1;1;1;1.15E-01;0;0;0;0;1;0;0;0;0;0
HTTP;0.665;0;0.17;0;0.488;0;0;1;0;0;0;0;0;1;1;1;1;1;1.80E-01;0;0;0;0;1;0;0;0;0;0
HTTP;0.675;0;0.17;0;0.502;0;0;1;0;0;0;0;0;1;1;1;1;1;1.81E-02;0;0;0;0;1;0;0;0;0;0
AS;0.005;0;0.175;0.025;0.01;0;0;0;1;0;0;0;0;1;1;1;1;1;4.91E-03;0;1;0;0;0;0;0;0;0;0
HTTP;0.62;0;0.215;0;0.526;0;0;1;0;0;0;0;0;1;1;1;1;1;1.80E-01;0;0;0;0;1;0;0;0;0;0
AS;0;0;0.295;0;0.008;1;1;0;0;0;0;0;0;1;1;1;1;1;4.91E-03;0;1;0;0;0;0;0;0;0;0
HTTP;0.64;0;0.215;0;0.538;0;0;1;0;0;0;0;0;1;1;1;1;1;1.78E-01;0;0;0;0;1;0;0;0;0;0
HTTP;0.64;0;0.215;0;0.54;0;0;1;0;0;0;0;0;1;1;1;1;1;1.81E-02;0;0;0;0;1;0;0;0;0;0
HTTP;0.645;0;0.215;0;0.552;0;0;1;0;0;0;0;0;1;1;1;1;1;1.81E-02;0;0;0;0;1;0;0;0;0;0
HTTP;0.65;0;0.215;0;0.556;0;0;1;0;0;0;0;0;1;1;1;1;1;1.81E-02;0;0;0;0;1;0;0;0;0;0
HTTP;0.02;0;0.09;0;0.02;0;0;1;0;0;0;0;0;1;1;1;1;1;3.08E-01;0;0;0;0;1;0;0;0;0;0
UK;0;0;0.08;0;0;0;0;1;0;0;0;0;0;1;1;1;1;1;3.85E-01;0;0;0;0;0;0;0;0;0;1
UK;0;0;0.075;0;0;0;0;1;0;0;0;0;0;1;1;1;1;1;3.87E-01;0;0;0;0;0;0;0;0;0;1
HTTP;0.075;0;0.08;0;0.046;0;0;1;0;0;0;0;0;1;1;1;1;1;2.62E-01;0;0;0;0;1;0;0;0;0;0
NW;0;0;0.31;0;0;0;0;1;0;0;0;0;0;1;1;1;1;0.972;7.79E-02;0;0;0;0;0;0;0;1;0;0
AS;0.015;0;0.3;0;0.01;0;0;1;0;0;0;0;0;1;1;1;1;1;5.60E-01;0;1;0;0;0;0;0;0;0;0
HTTP;0.02;0;0.085;0.005;0.022;0;0;1;0;0;0;0;0;1;1;1;1;1;1.87E-01;0;0;0;0;1;0;0;0;0;0
HTTP;0.655;0;0.215;0;0.558;0;0;1;0;0;0;0;0;1;1;1;1;1;1.81E-02;0;0;0;0;1;0;0;0;0;0
HTTP;0.66;0;0.215;0;0.562;0;0;1;0;0;0;0;0;1;1;1;1;1;1.81E-02;0;0;0;0;1;0;0;0;0;0
AS;0.01;0;0.315;0;0.01;0;0;1;0;0;0;0;0;1;1;1;1;1;5.56E-01;0;1;0;0;0;0;0;0;0;0
UK;0;0;0.08;0;0;0;0;1;0;0;0;0;0;1;1;1;1;1;2.71E-01;0;0;0;0;0;0;0;0;0;1
HTTP;0.025;0;0.075;0;0.022;0;0;1;0;0;0;0;0;1;1;1;1;1;2.49E-01;0;0;0;0;1;0;0;0;0;0
AS;0.055;0;0.065;0.315;0.04;0;0;0;1;0;0;0;0;1;1;1;1;0.982;4.91E-03;0;1;0;0;0;0;0;0;0;0
HTTP;0.615;0;0.27;0;0.58;0;0;1;0;0;0;0;0;1;1;1;1;1;1.80E-01;0;0;0;0;1;0;0;0;0;0
HTTP;0.615;0;0.27;0;0.588;0;0;1;0;0;0;0;0;1;1;1;1;1;1.81E-02;0;0;0;0;1;0;0;0;0;0
MM;0;0;0.34;0;0;0;0;1;0;0;0;0;0;1;1;1;1;1;6.03E-02;0;0;0;0;0;0;1;0;0;0
AS;0.015;0;0.36;0;0.01;0;0;1;0;0;0;0;0;1;1;1;1;1;5.69E-01;0;1;0;0;0;0;0;0;0;0
HTTP;0.62;0;0.27;0;0.59;0;0;1;0;0;0;0;0;1;1;1;1;1;1.80E-01;0;0;0;0;1;0;0;0;0;0
AS;0.005;0;0.31;0;0.002;1;1;0;0;0;0;0;0;1;1;1;1;1;4.91E-03;0;1;0;0;0;0;0;0;0;0
AS;0.005;0;0.31;0.005;0.002;0;0;1;0;0;0;0;0;1;1;1;1;1;1.11E+00;0;1;0;0;0;0;0;0;0;0
AS;0.04;0;0.37;0.025;0.022;0;0;0;1;0;0;0;0;1;1;1;1;1;4.91E-03;0;1;0;0;0;0;0;0;0;0
HTTP;0.005;0;0.37;0;0.002;0;0;1;0;0;1;0;1;1;1;1;1;1;3.92E-01;0;0;0;0;1;0;0;0;0;0
AS;0.02;0;0.38;0.005;0.014;1;1;0;0;0;0;0;0;1;1;1;1;1;4.91E-03;0;1;0;0;0;0;0;0;0;0
UK;0;0;0.065;0;0;0;0;1;0;0;0;0;0;1;1;1;1;1;3.80E-01;0;0;0;0;0;0;0;0;0;1
AS;0.025;0;0.065;0.025;0.034;0;0;0;1;0;0;0;0;1;1;1;1;1;4.91E-03;0;1;0;0;0;0;0;0;0;0
HTTP;0.02;0;0.06;0.005;0.024;0;0;0;1;0;0;0;0;1;1;1;1;1;4.91E-03;0;0;0;0;1;0;0;0;0;0
UK;0;0;0.06;0;0;0;0;1;0;0;0;0;0;1;1;1;1;1;3.79E-01;0;0;0;0;0;0;0;0;0;1
UK;0.005;0;0.05;0;0.004;0;0;1;0;0;0;0;0;1;1;1;1;1;1.75E+00;0;0;0;0;0;0;0;0;0;1
UK;0.01;0;0.05;0;0.006;0;0;1;0;0;0;0;0;1;1;1;1;1;4.38E-01;0;0;0;0;0;0;0;0;0;1
AS;0.035;0;0.05;0.025;0.036;0;0;0;1;0;0;0;0;1;1;1;1;1;4.91E-03;0;1;0;0;0;0;0;0;0;0
AS;0.005;0;0.33;0;0.002;1;1;0;0;0;0;0;0;1;1;1;1;1;4.91E-03;0;1;0;0;0;0;0;0;0;0
HTTP;0.56;0;0.315;0;0.602;0;0;1;0;0;0;0;0;1;1;1;1;1;1.78E-01;0;0;0;0;1;0;0;0;0;0
HTTP;0.575;0;0.305;0;0.608;0;0;1;0;0;0;0;0;1;1;1;1;1;1.78E-01;0;0;0;0;1;0;0;0;0;0
AS;0.01;0;0.385;0;0.01;0;0;1;0;0;0;0;0;1;1;1;1;1;5.66E-01;0;1;0;0;0;0;0;0;0;0
AS;0;0;0.385;0;0;0;0;1;0;0;0;0;0;1;1;1;1;1;8.56E-01;0;1;0;0;0;0;0;0;0;0
MM;0;0;0.39;0;0;0;0;1;0;0;0;0;0;1;1;1;1;1;1.71E-01;0;0;0;0;0;0;1;0;0;0
AS;0.005;0;0.38;0;0.006;0;0;1;0;0;0;0;0;1;1;1;1;1;5.29E-01;0;1;0;0;0;0;0;0;0;0
AS;0;0;0.385;0;0.002;0;0;1;0;0;0;0;0;1;1;1;1;1;6.29E-01;0;1;0;0;0;0;0;0;0;0
AS;0;0;0.29;0;0;0;0;1;0;0;0;0;0;1;1;1;1;1;5.72E-01;0;1;0;0;0;0;0;0;0;0
AS;0.005;0;0.315;0;0.002;0;0;1;0;0;0;0;0;1;1;1;1;1;5.72E-01;0;1;0;0;0;0;0;0;0;0
HTTP;0.55;0;0.315;0;0.594;0;0;1;0;0;0;0;0;1;1;1;1;1;1.73E-01;0;0;0;0;1;0;0;0;0;0
HTTP;0;0;0.395;0.01;0;1;0;0;0;1;0;0;0;1;1;1;1;1;2.57E-02;0;0;0;0;1;0;0;0;0;0
HTTP;0.575;0;0.295;0;0.602;0;0;1;0;0;0;0;0;1;1;1;1;1;1.79E-01;0;0;0;0;1;0;0;0;0;0
AS;0.01;0;0.375;0;0.012;0;0;1;0;0;0;0;0;1;1;1;1;1;8.51E-01;0;1;0;0;0;0;0;0;0;0
AS;0.005;0;0.385;0;0.004;0;0;1;0;0;0;0;0;1;1;1;1;1;1.69E+00;0;1;0;0;0;0;0;0;0;0
HTTP;0.585;0;0.29;0;0.608;0;0;1;0;0;0;0;0;1;1;1;1;1;1.81E-02;0;0;0;0;1;0;0;0;0;0
HTTP;0.555;0;0.315;0;0.596;0;0;1;0;0;0;0;0;1;1;1;1;1;1.78E-01;0;0;0;0;1;0;0;0;0;0
AS;0;0;0.295;0.03;0.004;0;0;0;1;0;0;0;0;1;1;1;1;1;4.91E-03;0;1;0;0;0;0;0;0;0;0
HTTP;0.465;0;0.35;0;0.574;0;0;1;0;0;0;0;0;1;1;1;1;1;1.80E-01;0;0;0;0;1;0;0;0;0;0
HTTP;0.465;0;0.35;0;0.576;0;0;1;0;0;0;0;0;1;1;1;1;1;1.78E-01;0;0;0;0;1;0;0;0;0;0
HTTP;0.46;0;0.35;0;0.58;0;0;1;0;0;0;0;0;1;1;1;1;1;1.78E-01;0;0;0;0;1;0;0;0;0;0
HTTP;0.45;0;0.35;0;0.584;0;0;1;0;0;0;0;0;1;1;1;1;1;1.78E-01;0;0;0;0;1;0;0;0;0;0
AS;0;0;0.35;0;0;0;0;1;0;0;0;0;0;1;1;1;1;1;6.24E-01;0;1;0;0;0;0;0;0;0;0
AS;0;0;0.37;0;0;1;1;0;0;0;0;0;0;1;1;1;1;1;4.91E-03;0;1;0;0;0;0;0;0;0;0
AS;0.42;0;0.37;0.005;0.564;1;1;0;0;0;0;0;0;1;1;1;1;1;4.91E-03;0;1;0;0;0;0;0;0;0;0
AS;0.005;0;0.39;0;0.002;0;0;1;0;0;0;0;0;1;1;1;1;1;6.40E-01;0;1;0;0;0;0;0;0;0;0
HTTP;0.39;0;0.395;0;0.562;0;0;1;0;0;0;0;0;1;1;1;1;1;1.80E-01;0;0;0;0;1;0;0;0;0;0
AS;0;0;0.39;0;0.004;1;1;0;0;0;0;0;0;1;1;1;1;1;4.91E-03;0;1;0;0;0;0;0;0;0;0
HTTP;0.4;0;0.39;0;0.532;0;0;1;0;0;0;0;0;1;1;1;1;1;1.78E-01;0;0;0;0;1;0;0;0;0;0
HTTP;0.4;0;0.39;0;0.534;0;0;1;0;0;0;0;0;1;1;1;1;1;1.80E-01;0;0;0;0;1;0;0;0;0;0
MM;0;0;0.39;0;0.002;0;0;1;0;0;0;0;0;1;1;1;1;1;4.00E-02;0;0;0;0;0;0;1;0;0;0
AS;0.01;0;0.385;0;0.006;0;0;1;0;0;0;0;0;1;1;1;1;1;5.78E-02;0;1;0;0;0;0;0;0;0;0
HTTP;0.37;0;0.4;0;0.506;0;0;1;0;0;0;0;0;1;1;1;1;1;1.80E-01;0;0;0;0;1;0;0;0;0;0
HTTP;0.38;0;0.39;0;0.506;0;0;1;0;0;0;0;0;1;1;1;1;1;1.81E-02;0;0;0;0;1;0;0;0;0;0
AS;0;0;0.385;0;0.002;0;0;1;0;0;0;0;0;1;1;1;1;1;5.64E-01;0;1;0;0;0;0;0;0;0;0
AS;0;0;0.395;0;0.004;0;0;1;0;0;0;0;0;1;1;1;1;1;5.49E-01;0;1;0;0;0;0;0;0;0;0
AS;0;0;0.39;0;0.004;1;1;0;0;0;0;0;0;1;1;1;1;1;4.91E-03;0;1;0;0;0;0;0;0;0;0
AS;0.005;0;0.39;0;0.006;0;0;1;0;0;0;0;0;1;1;1;1;1;8.56E-01;0;1;0;0;0;0;0;0;0;0
HTTP;0.365;0;0.395;0;0.488;0;0;1;0;0;0;0;0;1;1;1;1;1;1.80E-01;0;0;0;0;1;0;0;0;0;0
AS;0;0;0.375;0.01;0.004;1;1;0;0;0;0;0;0;1;1;1;1;1;4.91E-03;0;1;0;0;0;0;0;0;0;0
HTTP;0.355;0;0.39;0;0.456;0;0;1;0;0;0;0;0;1;1;1;1;1;1.78E-01;0;0;0;0;1;0;0;0;0;0
HTTP;0.355;0;0.39;0;0.456;0;0;1;0;0;0;0;0;1;1;1;1;1;1.78E-01;0;0;0;0;1;0;0;0;0;0
HTTP;0.375;0;0.385;0;0.462;0;0;1;0;0;0;0;0;1;1;1;1;1;1.78E-01;0;0;0;0;1;0;0;0;0;0
AS;0.01;0;0.355;0;0.006;0;0;1;0;0;0;0;0;1;1;1;1;1;1.20E-01;0;1;0;0;0;0;0;0;0;0
HTTP;0.43;0;0.355;0;0.478;0;0;1;0;0;0;0;0;1;1;1;1;1;1.81E-02;0;0;0;0;1;0;0;0;0;0
AS;0;0;0.375;0;0.002;0;0;1;0;0;0;0;0;1;1;1;1;1;5.54E-02;0;1;0;0;0;0;0;0;0;0
AS;0;0;0.38;0;0;0;0;1;0;0;0;0;0;1;1;1;1;1;9.47E-01;0;1;0;0;0;0;0;0;0;0
HTTP;0.02;0;0.38;0.17;0.01;1;0;0;0;0;0;0;0;1;1;1;1;0.996;4.91E-03;0;0;0;0;1;0;0;0;0;0
HTTP;0.4;0;0.38;0;0.47;0;0;1;0;0;0;0;0;1;1;1;1;1;1.80E-01;0;0;0;0;1;0;0;0;0;0
HTTP;0.405;0;0.375;0;0.472;0;0;1;0;0;0;0;0;1;1;1;1;1;1.78E-01;0;0;0;0;1;0;0;0;0;0
HTTP;0.44;0;0.34;0;0.466;0;0;1;0;0;0;0;0;1;1;1;1;1;1.80E-01;0;0;0;0;1;0;0;0;0;0
HTTP;0.44;0;0.34;0;0.482;0;0;1;0;0;0;0;0;1;1;1;1;1;1.81E-02;0;0;0;0;1;0;0;0;0;0
HTTP;0.465;0;0.315;0;0.492;0;0;1;0;0;0;0;0;1;1;1;1;1;1.80E-01;0;0;0;0;1;0;0;0;0;0
HTTP;0.51;0;0.27;0;0.484;0;0;1;0;0;0;0;0;1;1;1;1;1;1.78E-01;0;0;0;0;1;0;0;0;0;0
AS;0;0;0.22;0.02;0.004;0;0;0;1;0;0;0;0;1;1;1;1;1;4.91E-03;0;1;0;0;0;0;0;0;0;0
HTTP;0.585;0;0.22;0;0.48;0;0;1;0;0;0;0;0;1;1;1;1;1;1.80E-01;0;0;0;0;1;0;0;0;0;0
HTTP;0.025;0;0.05;0.005;0.026;0;0;0;1;0;0;0;0;1;1;1;1;1;4.91E-03;0;0;0;0;1;0;0;0;0;0
UK;0;0;0.04;0;0;0;0;1;0;0;0;0;0;1;1;1;1;1;3.78E-01;0;0;0;0;0;0;0;0;0;1
HTTP;0;0;0.385;0;0.006;0;0;1;0;0;0;0;0;1;1;1;1;1;8.91E-02;0;0;0;0;1;0;0;0;0;0
HTTP;0.04;0;0.04;0;0.016;1;1;0;0;0;0;0;0;1;1;1;1;1;9.94E-04;0;0;0;0;1;0;0;0;0;0
HTTP;0;0;0.22;0;0;0;0;1;0;0;0;0;0;1;1;1;1;1;4.68E+00;0;0;0;0;1;0;0;0;0;0
HTTP;0.105;0;0.04;0;0.042;1;1;0;0;0;0;0;0;1;1;1;1;1;9.94E-04;0;0;0;0;1;0;0;0;0;0
AS;0;0;0.42;0;0.004;1;1;0;0;0;0;0;0;1;1;1;1;1;4.91E-03;0;1;0;0;0;0;0;0;0;0
HTTP;0.6;0;0.205;0;0.476;0;0;1;0;0;0;0;0;1;1;1;1;1;1.80E-01;0;0;0;0;1;0;0;0;0;0
AS;0.01;0;0.41;0;0.008;0;0;1;0;0;0;0;0;1;1;1;1;1;5.69E-01;0;1;0;0;0;0;0;0;0;0
AS;0.01;0;0.415;0.005;0.004;1;1;0;0;0;0;0;0;1;1;1;1;1;4.91E-03;0;1;0;0;0;0;0;0;0;0
HTTP;0.67;0;0.165;0;0.51;0;0;1;0;0;0;0;0;1;1;1;1;1;1.81E-02;0;0;0;0;1;0;0;0;0;0
AS;0;0;0.165;0;0;0;0;1;0;0;0;0;0;1;1;1;1;1;5.61E-01;0;1;0;0;0;0;0;0;0;0
HTTP;0;0;0.2;0;0;1;1;0;0;0;0;0;0;1;1;1;1;1;9.94E-04;0;0;0;0;1;0;0;0;0;0
HTTP;0.01;0;0.04;0;0.004;0;0;1;0;0;0;0;0;1;1;1;1;1;7.57E-02;0;0;0;0;1;0;0;0;0;0
MM;0;0;0.04;0;0.002;0;0;1;0;0;0;0;0;1;1;1;1;1;1.71E-06;0;0;0;0;0;0;1;0;0;0
HTTP;0.17;0;0.04;0;0.068;1;1;0;0;0;0;0;0;1;1;1;1;1;9.94E-04;0;0;0;0;1;0;0;0;0;0
HTTP;0.025;0;0.04;0;0.036;0;0;1;0;0;0;0;0;1;1;1;1;1;2.45E-01;0;0;0;0;1;0;0;0;0;0
HTTP;0.04;0;0.395;0;0.016;1;1;0;0;0;0;0;0;1;1;1;1;1;9.94E-04;0;0;0;0;1;0;0;0;0;0
HTTP;0.05;0;0.39;0;0.02;1;1;0;0;0;0;0;0;1;1;1;1;1;9.94E-04;0;0;0;0;1;0;0;0;0;0
HTTP;0.09;0;0.37;0;0.036;1;1;0;0;0;0;0;0;1;1;1;1;1;9.94E-04;0;0;0;0;1;0;0;0;0;0
AS;0.015;0;0.35;0.005;0.012;0;0;1;0;0;0;0;0;1;1;1;1;1;6.54E-01;0;1;0;0;0;0;0;0;0;0
HTTP;0.02;0;0.355;0;0.018;0;0;1;0;0;0;0;0;1;1;1;1;1;8.83E-02;0;0;0;0;1;0;0;0;0;0
HTTP;0.015;0;0.04;0;0.018;0;0;1;0;0;0;0;0;1;1;1;1;1;2.59E-01;0;0;0;0;1;0;0;0;0;0
HTTP;0.02;0;0.04;0;0.014;0;0;1;0;0;0;0;0;1;1;1;1;1;2.85E-01;0;0;0;0;1;0;0;0;0;0
HTTP;0.025;0;0.04;0.005;0.022;0;0;0;1;0;0;0;0;1;1;1;1;1;4.91E-03;0;0;0;0;1;0;0;0;0;0
HTTP;0.025;0;0.17;0;0.01;1;1;0;0;0;0;0;0;1;1;1;1;1;9.94E-04;0;0;0;0;1;0;0;0;0;0
AS;0;0;0.17;0;0;1;1;0;0;0;0;0;0;1;1;1;1;1;4.91E-03;0;1;0;0;0;0;0;0;0;0
HTTP;0.025;0;0.34;0;0.024;0;0;1;0;0;0;0;0;1;1;1;1;1;7.47E-01;0;0;0;0;1;0;0;0;0;0
HTTP;0.015;0;0.34;0;0.008;0;0;0;1;0;0;0;0;1;1;1;1;1;4.91E-03;0;0;0;0;1;0;0;0;0;0
AS;0.015;0;0.375;0.005;0.012;1;1;0;0;0;0;0;0;1;1;1;1;1;4.91E-03;0;1;0;0;0;0;0;0;0;0
HTTP;0.555;0;0.205;0;0.494;0;0;1;0;0;0;0;0;1;1;1;1;1;1.81E-02;0;0;0;0;1;0;0;0;0;0
AS;0.005;0;0.215;0.005;0.002;0;0;1;0;0;0;0;0;1;1;1;1;1;5.42E-01;0;1;0;0;0;0;0;0;0;0
AS;0.005;0;0.39;0;0.008;0;0;1;0;0;0;0;0;1;1;1;1;1;8.50E-02;0;1;0;0;0;0;0;0;0;0
HTTP;0.025;0;0.045;0;0.02;0;0;1;0;0;0;0;0;1;1;1;1;1;7.50E-01;0;0;0;0;1;0;0;0;0;0
HTTP;0.035;0;0.055;0;0.014;0;0;1;0;0;0;0;0;1;1;1;1;1;2.18E-01;0;0;0;0;1;0;0;0;0;0
MM;0;0;0.06;0;0;0;0;1;0;0;0;0;0;1;1;1;1;1;1.81E-01;0;0;0;0;0;0;1;0;0;0
HTTP;0.05;0;0.08;0;0.02;0;0;1;0;0;0;0;0;1;1;1;1;1;4.16E-01;0;0;0;0;1;0;0;0;0;0
HTTP;0.06;0;0.09;0;0.024;0;0;1;0;0;0;0;0;1;1;1;1;1;8.65E-01;0;0;0;0;1;0;0;0;0;0
AS;0;0;0.235;0;0.004;1;1;0;0;0;0;0;0;1;1;1;1;1;4.91E-03;0;1;0;0;0;0;0;0;0;0
AS;0;0;0.235;0;0.002;0;0;1;0;0;0;0;0;1;1;1;1;1;5.68E-01;0;1;0;0;0;0;0;0;0;0
HTTP;0.11;0;0.44;0;0.06;0;0;1;0;0;0;0;0;1;1;1;1;1;8.25E-03;0;0;0;0;1;0;0;0;0;0
HTTP;0.51;0;0.26;0;0.518;0;0;1;0;0;0;0;0;1;1;1;1;1;1.81E-02;0;0;0;0;1;0;0;0;0;0
AS;0;0;0.28;0;0.008;0;0;1;0;0;0;0;0;1;1;1;1;1;5.64E-01;0;1;0;0;0;0;0;0;0;0
UK;0.005;0;0.32;0;0.002;0;0;1;0;0;0;0;0;1;1;1;1;1;6.42E-03;0;0;0;0;0;0;0;0;0;1
HTTP;0;0;0.33;0.185;0;1;0;0;0;1;0;0;0;1;1;1;1;1;2.16E-02;0;0;0;0;1;0;0;0;0;0
AS;0;0;0.28;0;0;0;0;1;0;0;0;0;0;1;1;1;1;1;5.51E-01;0;1;0;0;0;0;0;0;0;0
AS;0.005;0;0.28;0.005;0.004;0;0;1;0;0;0;0;0;1;1;1;1;1;5.28E-01;0;1;0;0;0;0;0;0;0;0
HTTP;0.02;0;0.135;0;0.042;0;0;1;0;0;0;0;0;1;1;1;1;1;2.62E-01;0;0;0;0;1;0;0;0;0;0
AS;0.03;0;0.135;0.015;0.044;0;0;0;1;0;0;0;0;1;1;1;1;1;4.91E-03;0;1;0;0;0;0;0;0;0;0
HTTP;0.405;0;0.33;0;0.502;0;0;1;0;0;0;0;0;1;1;1;1;1;1.80E-01;0;0;0;0;1;0;0;0;0;0
HTTP;0.015;0;0.325;0;0.006;0;0;1;0;0;0;0;0;1;1;1;1;1;2.71E-01;0;0;0;0;1;0;0;0;0;0
AS;0;0;0.33;0;0;0;0;1;0;0;0;0;0;1;1;1;1;1;6.56E-01;0;1;0;0;0;0;0;0;0;0
AS;0;0;0.34;0;0;0;0;1;0;0;0;0;0;1;1;1;1;1;6.24E-01;0;1;0;0;0;0;0;0;0;0
HTTP;0;0;0.39;0;0;0;0;1;0;0;0;0;0;1;1;1;1;1;4.88E-02;0;0;0;0;1;0;0;0;0;0
HTTP;0;0;0.415;0;0;0;0;1;0;0;0;0;0;1;1;1;1;1;9.41E-02;0;0;0;0;1;0;0;0;0;0
HTTP;0.11;0;0.45;0;0.044;0;0;1;0;0;0;0;0;1;1;1;1;1;9.10E-02;0;0;0;0;1;0;0;0;0;0
AS;0;0;0.455;0;0.002;0;0;1;0;0;0;0;0;1;1;1;1;1;6.60E-01;0;1;0;0;0;0;0;0;0;0
AS;0;0;0.505;0;0;0;0;1;0;0;0;0;0;1;1;1;1;1;5.46E-01;0;1;0;0;0;0;0;0;0;0
AS;0.005;0;0.51;0.005;0.006;1;1;0;0;0;0;0;0;1;1;1;1;1;6.42E-03;0;1;0;0;0;0;0;0;0;0
HTTP;0.24;0;0.495;0;0.418;0;0;1;0;0;0;0;0;1;1;1;1;1;1.78E-01;0;0;0;0;1;0;0;0;0;0
HTTP;0.22;0;0.495;0;0.434;0;0;1;0;0;0;0;0;1;1;1;1;1;1.80E-01;0;0;0;0;1;0;0;0;0;0
HTTP;0.225;0;0.49;0;0.436;0;0;1;0;0;0;0;0;1;1;1;1;1;1.78E-01;0;0;0;0;1;0;0;0;0;0
HTTP;0.31;0;0.44;0;0.444;0;0;1;0;0;0;0;0;1;1;1;1;1;1.79E-01;0;0;0;0;1;0;0;0;0;0
HTTP;0.34;0;0.425;0;0.438;0;0;1;0;0;0;0;0;1;1;1;1;1;1.80E-01;0;0;0;0;1;0;0;0;0;0
HTTP;0.35;0;0.425;0;0.442;0;0;1;0;0;0;0;0;1;1;1;1;1;1.80E-01;0;0;0;0;1;0;0;0;0;0
HTTP;0.355;0;0.425;0;0.442;0;0;1;0;0;0;0;0;1;1;1;1;1;1.81E-02;0;0;0;0;1;0;0;0;0;0
HTTP;0;0;0.43;0;0;0;0;1;0;0;0;0;0;1;1;1;1;1;1.08E-01;0;0;0;0;1;0;0;0;0;0
HTTP;0.43;0;0.37;0;0.44;0;0;1;0;0;0;0;0;1;1;1;1;1;1.78E-01;0;0;0;0;1;0;0;0;0;0
HTTP;0.44;0;0.365;0;0.442;0;0;1;0;0;0;0;0;1;1;1;1;1;1.81E-02;0;0;0;0;1;0;0;0;0;0
AS;0.005;0;0.37;0.005;0.004;1;1;0;0;0;0;0;0;1;1;1;1;1;4.91E-03;0;1;0;0;0;0;0;0;0;0
HTTP;0.005;0;0.405;0.01;0.002;1;0;0;0;0;0;0;0;1;1;1;1;1;6.42E-03;0;0;0;0;1;0;0;0;0;0
HTTP;0.005;0;0.365;0;0.004;1;0;0;1;0;0;0;0;1;1;1;1;1;4.91E-03;0;0;0;0;1;0;0;0;0;0
HTTP;0.515;0;0.29;0;0.446;0;0;1;0;0;0;0;0;1;1;1;1;1;1.80E-01;0;0;0;0;1;0;0;0;0;0
HTTP;0.525;0;0.28;0;0.448;0;0;1;0;0;0;0;0;1;1;1;1;1;1.81E-02;0;0;0;0;1;0;0;0;0;0
HTTP;0.545;0;0.26;0;0.448;0;0;1;0;0;0;0;0;1;1;1;1;1;1.81E-02;0;0;0;0;1;0;0;0;0;0
HTTP;0.57;0;0.24;0;0.452;0;0;1;0;0;0;0;0;1;1;1;1;1;1.80E-01;0;0;0;0;1;0;0;0;0;0
HTTP;0.62;0;0.2;0;0.45;0;0;1;0;0;0;0;0;1;1;1;1;1;1.81E-02;0;0;0;0;1;0;0;0;0;0
HTTP;0.645;0;0.18;0;0.45;0;0;1;0;0;0;0;0;1;1;1;1;1;1.80E-01;0;0;0;0;1;0;0;0;0;0
HTTP;0.655;0;0.17;0;0.456;0;0;1;0;0;0;0;0;1;1;1;1;1;1.81E-02;0;0;0;0;1;0;0;0;0;0
HTTP;0.79;0;0.075;0;0.494;0;0;1;0;0;0;0;0;1;1;1;1;1;1.80E-01;0;0;0;0;1;0;0;0;0;0
HTTP;0.84;0;0.035;0;0.512;0;0;1;0;0;0;0;0;1;1;1;1;1;1.81E-02;0;0;0;0;1;0;0;0;0;0
HTTP;0.845;0;0.03;0;0.516;0;0;1;0;0;0;0;0;1;1;1;1;1;1.79E-01;0;0;0;0;1;0;0;0;0;0
HTTP;0.85;0;0.03;0;0.532;0;0;1;0;0;0;0;0;1;1;1;1;1;1.81E-02;0;0;0;0;1;0;0;0;0;0
AS;0.005;0;0.395;0;0.01;0;0;1;0;0;0;0;0;1;1;1;1;1;5.42E-01;0;1;0;0;0;0;0;0;0;0
AS;0.01;0;0.425;0;0.008;0;0;1;0;0;0;0;0;1;1;1;1;1;4.66E-01;0;1;0;0;0;0;0;0;0;0
HTTP;0.775;0;0.075;0;0.526;0;0;1;0;0;0;0;0;1;1;1;1;1;1.81E-02;0;0;0;0;1;0;0;0;0;0
MM;0;0;0.445;0;0;0;0;1;0;0;0;0;0;1;1;1;1;1;2.01E-01;0;0;0;0;0;0;1;0;0;0
AS;0;0;0.445;0;0.008;0;0;1;0;0;0;0;0;1;1;1;1;1;5.60E-01;0;1;0;0;0;0;0;0;0;0
HTTP;0.77;0;0.075;0;0.53;0;0;1;0;0;0;0;0;1;1;1;1;1;1.81E-02;0;0;0;0;1;0;0;0;0;0
HTTP;0.77;0;0.075;0;0.532;0;0;1;0;0;0;0;0;1;1;1;1;1;1.81E-02;0;0;0;0;1;0;0;0;0;0
HTTP;0;0;0.08;0;0;0;0;1;0;0;0;0;0;1;1;1;1;1;3.11E-01;0;0;0;0;1;0;0;0;0;0
AS;0;0;0.085;0;0.002;0;0;1;0;0;0;0;0;1;1;1;1;1;5.56E-01;0;1;0;0;0;0;0;0;0;0
HTTP;0;0;0.425;0;0;0;0;1;0;0;0;0;0;1;1;1;1;1;5.51E-02;0;0;0;0;1;0;0;0;0;0
AS;0;0;0.445;0;0;0;0;1;0;0;0;0;0;1;1;1;1;1;6.35E-01;0;1;0;0;0;0;0;0;0;0
HTTP;0;0;0.11;0.03;0.002;1;0;0;0;1;0;0;0;1;1;1;1;1;2.16E-02;0;0;0;0;1;0;0;0;0;0
HTTP;0.005;0;0.115;0.035;0.002;1;0;1;0;0;0;0;0;1;1;1;1;1;1.36E-02;0;0;0;0;1;0;0;0;0;0
AS;0;0;0.115;0;0.002;0;0;1;0;0;0;0;0;1;1;1;1;1;5.46E-01;0;1;0;0;0;0;0;0;0;0
AS;0;0;0.12;0;0.002;0;0;1;0;0;0;0;0;1;1;1;1;1;6.79E-01;0;1;0;0;0;0;0;0;0;0
AS;0;0;0.13;0;0.004;0;0;1;0;0;0;0;0;1;1;1;1;1;5.56E-01;0;1;0;0;0;0;0;0;0;0
AS;0;0;0.145;0;0.002;0;0;1;0;0;0;0;0;1;1;1;1;1;5.44E-01;0;1;0;0;0;0;0;0;0;0
AS;0.03;0;0.14;0.04;0.042;0;0;0;1;0;0;0;0;1;1;1;1;1;4.91E-03;0;1;0;0;0;0;0;0;0;0
HTTP;0;0;0.14;0;0.004;0;0;1;0;0;0;0;0;1;1;1;1;1;2.93E-02;0;0;0;0;1;0;0;0;0;0
DBC;0.005;0;0.43;0;0.002;1;0;0;0;1;0;0;0;1;1;1;1;1;1.06E-02;0;0;1;0;0;0;0;0;0;0
DBC;0.005;0;0.41;0.005;0.002;1;0;0;0;0;0;0;0;1;1;1;1;1;3.33E-02;0;0;1;0;0;0;0;0;0;0
UK;0;0;0.145;0;0;0;0;1;0;0;0;0;0;1;1;1;1;1;3.85E-01;0;0;0;0;0;0;0;0;0;1
HTTP;0.005;0;0.145;0;0.002;0;0;1;0;0;0;0;0;1;1;1;1;1;2.69E-02;0;0;0;0;1;0;0;0;0;0
UK;0.005;0;0.145;0;0.002;0;0;1;0;0;0;0;0;1;1;1;1;1;3.90E-01;0;0;0;0;0;0;0;0;0;1
UK;0;0;0.15;0;0;0;0;1;0;0;0;0;0;1;1;1;1;1;3.96E-01;0;0;0;0;0;0;0;0;0;1
HTTP;0.715;0;0.125;0;0.534;0;0;1;0;0;0;0;0;1;1;1;1;1;1.80E-01;0;0;0;0;1;0;0;0;0;0
HTTP;0.72;0;0.125;0;0.534;0;0;1;0;0;0;0;0;1;1;1;1;1;1.78E-01;0;0;0;0;1;0;0;0;0;0
UK;0.015;0;0.15;0;0.02;0;0;1;0;0;0;0;0;1;1;1;1;1;3.89E-01;0;0;0;0;0;0;0;0;0;1
HTTP;0;0;0.15;0;0;0;0;1;0;0;0;0;0;1;1;1;1;1;1.80E-02;0;0;0;0;1;0;0;0;0;0
HTTP;0.005;0;0.15;0;0.002;1;1;0;0;0;0;0;0;1;1;1;1;1;9.94E-04;0;0;0;0;1;0;0;0;0;0
HTTP;0.005;0;0.375;0;0.002;0;0;1;0;0;0;0;0;1;1;1;1;1;4.66E-02;0;0;0;0;1;0;0;0;0;0
AS;0;0;0.375;0;0;1;1;0;0;0;0;0;0;1;1;1;1;1;4.91E-03;0;1;0;0;0;0;0;0;0;0
AS;0.015;0;0.335;0.005;0.012;0;0;1;0;0;0;0;0;1;1;1;1;1;6.54E-01;0;1;0;0;0;0;0;0;0;0
AS;0;0;0.315;0;0.01;0;0;1;0;0;0;0;0;1;1;1;1;1;5.39E-01;0;1;0;0;0;0;0;0;0;0
AS;0;0;0.16;0;0;0;0;1;0;0;0;0;0;1;1;1;1;1;5.62E-01;0;1;0;0;0;0;0;0;0;0
HTTP;0.64;0;0.18;0;0.522;0;0;1;0;0;0;0;0;1;1;1;1;1;1.81E-02;0;0;0;0;1;0;0;0;0;0
HTTP;0.635;0;0.18;0;0.546;0;0;1;0;0;0;0;0;1;1;1;1;1;1.80E-01;0;0;0;0;1;0;0;0;0;0
AS;0;0;0.18;0;0;0;0;1;0;0;0;0;0;1;1;1;1;1;7.94E-01;0;1;0;0;0;0;0;0;0;0
AS;0.005;0;0.185;0;0.002;0;0;1;0;0;0;0;0;1;1;1;1;1;8.40E-01;0;1;0;0;0;0;0;0;0;0
HTTP;0;0;0.305;0;0;0;0;1;0;0;0;0;0;1;1;1;1;1;4.63E-01;0;0;0;0;1;0;0;0;0;0
HTTP;0.01;0;0.15;0;0.02;0;0;0;1;0;0;0;0;1;1;1;1;1;4.91E-03;0;0;0;0;1;0;0;0;0;0
UK;0;0;0.15;0;0;0;0;1;0;0;0;0;0;1;1;1;1;1;2.70E-01;0;0;0;0;0;0;0;0;0;1
UK;0;0;0.145;0;0;0;0;1;0;0;0;0;0;1;1;1;1;1;3.94E-01;0;0;0;0;0;0;0;0;0;1
AS;0;0;0.215;0;0.004;0;0;1;0;0;0;0;0;1;1;1;1;1;5.56E-01;0;1;0;0;0;0;0;0;0;0
AS;0;0;0.22;0;0.008;1;1;0;0;0;0;0;0;1;1;1;1;1;4.91E-03;0;1;0;0;0;0;0;0;0;0
HTTP;0.54;0;0.235;0;0.54;0;0;1;0;0;0;0;0;1;1;1;1;1;1.81E-02;0;0;0;0;1;0;0;0;0;0
HTTP;0.01;0;0.295;0;0.004;0;0;1;0;0;0;0;0;1;1;1;1;1;2.90E-01;0;0;0;0;1;0;0;0;0;0
DBC;0.01;0;0.29;0;0.004;1;0;0;0;0;0;0;0;1;1;1;1;1;3.33E-02;0;0;1;0;0;0;0;0;0;0
AS;0;0;0.28;0;0.006;0;0;1;0;0;0;0;0;1;1;1;1;1;5.69E-01;0;1;0;0;0;0;0;0;0;0
HTTP;0.53;0;0.235;0;0.554;0;0;1;0;0;0;0;0;1;1;1;1;1;1.81E-02;0;0;0;0;1;0;0;0;0;0
HTTP;0.53;0;0.235;0;0.558;0;0;1;0;0;0;0;0;1;1;1;1;1;1.80E-01;0;0;0;0;1;0;0;0;0;0
HTTP;0.005;0;0.325;0;0.002;1;0;0;1;0;0;0;0;1;1;1;1;1;4.91E-03;0;0;0;0;1;0;0;0;0;0
DBC;0.02;0;0.34;0;0.008;1;0;0;0;0;0;0;0;1;1;1;1;1;3.33E-02;0;0;1;0;0;0;0;0;0;0
HTTP;0.01;0;0.24;0;0.02;0;0;1;0;0;0;0;0;1;1;1;1;1;1.70E-01;0;0;0;0;1;0;0;0;0;0
AS;0.005;0;0.24;0.005;0.004;0;0;1;0;0;0;0;0;1;1;1;1;1;5.81E-01;0;1;0;0;0;0;0;0;0;0
HTTP;0.53;0;0.245;0;0.618;0;0;1;0;0;0;0;0;1;1;1;1;1;1.78E-01;0;0;0;0;1;0;0;0;0;0
HTTP;0.005;0;0.225;0.025;0.002;1;0;0;0;1;0;0;0;1;1;1;1;1;2.29E-02;0;0;0;0;1;0;0;0;0;0
UK;0;0;0.215;0;0;0;0;1;0;0;0;0;0;1;1;1;1;1;6.42E-03;0;0;0;0;0;0;0;0;0;1
HTTP;0.465;0;0.27;0;0.626;0;0;1;0;0;0;0;0;1;1;1;1;1;1.80E-01;0;0;0;0;1;0;0;0;0;0
AS;0.005;0;0.315;0.005;0.006;0;0;1;0;0;0;0;0;1;1;1;1;1;6.59E-01;0;1;0;0;0;0;0;0;0;0
AS;0.005;0;0.32;0.005;0.002;1;1;0;0;0;0;0;0;1;1;1;1;1;4.91E-03;0;1;0;0;0;0;0;0;0;0
HTTP;0.43;0;0.315;0;0.578;0;0;1;0;0;0;0;0;1;1;1;1;1;1.80E-01;0;0;0;0;1;0;0;0;0;0
HTTP;0.44;0;0.31;0;0.574;0;0;1;0;0;0;0;0;1;1;1;1;1;1.81E-02;0;0;0;0;1;0;0;0;0;0
AS;0.005;0;0.3;0.005;0.002;0;0;1;0;0;0;0;0;1;1;1;1;1;5.37E-01;0;1;0;0;0;0;0;0;0;0
AS;0.005;0;0.305;0;0.006;0;0;1;0;0;0;0;0;1;1;1;1;1;5.47E-01;0;1;0;0;0;0;0;0;0;0
AS;0;0;0.31;0;0.004;1;1;0;0;0;0;0;0;1;1;1;1;1;4.91E-03;0;1;0;0;0;0;0;0;0;0
AS;0.005;0;0.325;0.005;0.004;0;0;1;0;0;0;0;0;1;1;1;1;1;5.52E-01;0;1;0;0;0;0;0;0;0;0
HTTP;0.41;0;0.33;0;0.542;0;0;1;0;0;0;0;0;1;1;1;1;1;1.78E-01;0;0;0;0;1;0;0;0;0;0
HTTP;0.41;0;0.33;0;0.546;0;0;1;0;0;0;0;0;1;1;1;1;1;1.78E-01;0;0;0;0;1;0;0;0;0;0
AS;0.015;0;0.305;0.005;0.008;1;1;0;0;0;0;0;0;1;1;1;1;1;4.91E-03;0;1;0;0;0;0;0;0;0;0
AS;0;0;0.31;0;0.012;0;0;1;0;0;0;0;0;1;1;1;1;1;5.42E-01;0;1;0;0;0;0;0;0;0;0
AS;0.005;0;0.315;0;0.008;0;0;1;0;0;0;0;0;1;1;1;1;1;5.94E-02;0;1;0;0;0;0;0;0;0;0
AS;0;0;0.35;0.005;0.002;0;0;1;0;0;0;0;0;1;1;1;1;1;5.60E-01;0;1;0;0;0;0;0;0;0;0
AS;0;0;0.355;0;0;0;0;1;0;0;0;0;0;1;1;1;1;1;5.37E-01;0;1;0;0;0;0;0;0;0;0
HTTP;0.005;0;0.335;0;0.008;0;0;1;0;0;0;0;0;1;1;1;1;1;1.14E-01;0;0;0;0;1;0;0;0;0;0
HTTP;0.43;0;0.33;0;0.54;0;0;1;0;0;0;0;0;1;1;1;1;1;1.78E-01;0;0;0;0;1;0;0;0;0;0
AS;0;0;0.33;0;0;0;0;1;0;0;0;0;0;1;1;1;1;1;5.58E-01;0;1;0;0;0;0;0;0;0;0
AS;0.005;0;0.355;0;0.004;0;0;1;0;0;0;0;0;1;1;1;1;1;5.52E-01;0;1;0;0;0;0;0;0;0;0
AS;0;0;0.38;0;0;0;0;1;0;0;0;0;0;1;1;1;1;1;5.89E-01;0;1;0;0;0;0;0;0;0;0
HTTP;0.36;0;0.39;0;0.508;0;0;1;0;0;0;0;0;1;1;1;1;1;1.79E-01;0;0;0;0;1;0;0;0;0;0
HTTP;0.38;0;0.38;0;0.508;0;0;1;0;0;0;0;0;1;1;1;1;1;1.81E-02;0;0;0;0;1;0;0;0;0;0
AS;0;0;0.37;0;0;0;0;1;0;0;0;0;0;1;1;1;1;1;6.25E-01;0;1;0;0;0;0;0;0;0;0
AS;0.005;0;0.37;0.005;0.002;1;1;0;0;0;0;0;0;1;1;1;1;1;4.91E-03;0;1;0;0;0;0;0;0;0;0
AS;0.005;0;0.37;0;0.002;0;0;1;0;0;0;0;0;1;1;1;1;1;8.56E-01;0;1;0;0;0;0;0;0;0;0
AS;0.01;0;0.37;0.005;0.006;0;0;1;0;0;0;0;0;1;1;1;1;1;6.53E-01;0;1;0;0;0;0;0;0;0;0
AS;0;0;0.385;0;0.002;0;0;1;0;0;0;0;0;1;1;1;1;1;5.46E-01;0;1;0;0;0;0;0;0;0;0
HTTP;0;0;0.39;0;0;0;0;1;0;0;0;0;0;1;1;1;1;1;4.66E-02;0;0;0;0;1;0;0;0;0;0
HTTP;0.4;0;0.39;0;0.462;0;0;1;0;0;0;0;0;1;1;1;1;1;1.78E-01;0;0;0;0;1;0;0;0;0;0
AS;0;0;0.355;0;0.002;0;0;1;0;0;0;0;0;1;1;1;1;1;5.67E-01;0;1;0;0;0;0;0;0;0;0
HTTP;0.415;0;0.38;0;0.454;0;0;1;0;0;0;0;0;1;1;1;1;1;1.78E-01;0;0;0;0;1;0;0;0;0;0
NW;0;0;0.335;0;0;0;0;1;0;0;0;0;0;1;1;1;1;1;1.46E+00;0;0;0;0;0;0;0;1;0;0
HTTP;0.49;0;0.325;0;0.49;0;0;1;0;0;0;0;0;1;1;1;1;1;1.81E-02;0;0;0;0;1;0;0;0;0;0
HTTP;0.55;0;0.295;0;0.502;0;0;1;0;0;0;0;0;1;1;1;1;1;1.81E-02;0;0;0;0;1;0;0;0;0;0
HTTP;0.56;0;0.265;0;0.49;0;0;1;0;0;0;0;0;1;1;1;1;1;1.78E-01;0;0;0;0;1;0;0;0;0;0
HTTP;0.585;0;0.245;0;0.492;0;0;1;0;0;0;0;0;1;1;1;1;1;1.80E-01;0;0;0;0;1;0;0;0;0;0
HTTP;0.585;0;0.245;0;0.494;0;0;1;0;0;0;0;0;1;1;1;1;1;1.78E-01;0;0;0;0;1;0;0;0;0;0
HTTP;0.595;0;0.245;0;0.504;0;0;1;0;0;0;0;0;1;1;1;1;1;1.80E-01;0;0;0;0;1;0;0;0;0;0
HTTP;0.6;0;0.23;0;0.51;0;0;1;0;0;0;0;0;1;1;1;1;1;1.80E-01;0;0;0;0;1;0;0;0;0;0
HTTP;0.63;0;0.2;0;0.51;0;0;1;0;0;0;0;0;1;1;1;1;1;1.81E-02;0;0;0;0;1;0;0;0;0;0
DBC;0.02;0;0.185;0;0.008;1;0;0;0;0;0;0;0;1;1;1;1;1;4.50E-02;0;0;1;0;0;0;0;0;0;0
HTTP;0.64;0;0.185;0;0.51;0;0;1;0;0;0;0;0;1;1;1;1;1;1.80E-01;0;0;0;0;1;0;0;0;0;0
HTTP;0.64;0;0.185;0;0.512;0;0;1;0;0;0;0;0;1;1;1;1;1;1.80E-01;0;0;0;0;1;0;0;0;0;0
HTTP;0;0;0.15;0;0.03;0;0;1;0;0;0;0;0;1;1;1;1;1;2.15E-02;0;0;0;0;1;0;0;0;0;0
UK;0.005;0;0.155;0;0.004;0;0;1;0;0;0;0;0;1;1;1;1;1;3.44E-01;0;0;0;0;0;0;0;0;0;1
UK;0;0;0.155;0;0;0;0;1;0;0;0;0;0;1;1;1;1;1;3.18E-01;0;0;0;0;0;0;0;0;0;1
HTTP;0.02;0;0.16;0.005;0.024;0;0;0;1;0;0;0;0;1;1;1;1;1;4.91E-03;0;0;0;0;1;0;0;0;0;0
AS;0.01;0;0.305;0;0.01;1;1;0;0;0;0;0;0;1;1;1;1;1;4.91E-03;0;1;0;0;0;0;0;0;0;0
HTTP;0.715;0;0.13;0;0.536;0;0;1;0;0;0;0;0;1;1;1;1;1;1.81E-02;0;0;0;0;1;0;0;0;0;0
AS;0;0;0.09;0;0;0;0;1;0;0;0;0;0;1;1;1;1;1;6.64E-01;0;1;0;0;0;0;0;0;0;0
AS;0;0;0.09;0.005;0;0;0;1;0;0;0;0;0;1;1;1;1;1;6.74E-02;0;1;0;0;0;0;0;0;0;0
UK;0;0;0.16;0;0;0;0;1;0;0;0;0;0;1;1;1;1;1;7.73E-02;0;0;0;0;0;0;0;0;0;1
AS;0;0;0.295;0;0.004;1;1;0;0;0;0;0;0;1;1;1;1;1;4.91E-03;0;1;0;0;0;0;0;0;0;0
UK;0.005;0;0.285;0;0.006;0;0;1;0;0;0;0;0;1;1;1;1;1;3.87E-01;0;0;0;0;0;0;0;0;0;1
HTTP;0.715;0;0.11;0;0.544;0;0;1;0;0;0;0;0;1;1;1;1;1;1.81E-02;0;0;0;0;1;0;0;0;0;0
HTTP;0.015;0;0.16;0;0.01;0;0;1;0;0;0;0;0;1;1;1;1;1;2.02E-01;0;0;0;0;1;0;0;0;0;0
HTTP;0.02;0;0.16;0;0.022;0;0;1;0;0;0;0;0;1;1;1;1;1;2.49E-01;0;0;0;0;1;0;0;0;0;0
UK;0.005;0;0.155;0;0.002;0;0;1;0;0;0;0;0;1;1;1;1;1;8.23E-02;0;0;0;0;0;0;0;0;0;1
HTTP;0.025;0;0.13;0.005;0.024;0;0;0;1;0;0;0;0;1;1;1;1;1;4.91E-03;0;0;0;0;1;0;0;0;0;0
FT;0;0;0.295;0;0;0;0;1;0;0;0;0;0;1;1;1;1;1;9.08E-01;0;0;0;1;0;0;0;0;0;0
AS;0.01;0;0.305;0.005;0.012;1;1;0;0;0;0;0;0;1;1;1;1;1;4.91E-03;0;1;0;0;0;0;0;0;0;0
AS;0;0;0.115;0;0.002;0;0;1;0;0;0;0;0;1;1;1;1;1;5.54E-01;0;1;0;0;0;0;0;0;0;0
HTTP;0.715;0;0.11;0;0.528;0;0;1;0;0;0;0;0;1;1;1;1;1;1.81E-02;0;0;0;0;1;0;0;0;0;0
HTTP;0.71;0;0.11;0;0.528;0;0;1;0;0;0;0;0;1;1;1;1;1;1.78E-01;0;0;0;0;1;0;0;0;0;0
AS;0.005;0;0.11;0.005;0.004;0;0;1;0;0;0;0;0;1;1;1;1;1;5.44E-01;0;1;0;0;0;0;0;0;0;0
HTTP;0.02;0;0.13;0;0.008;0;0;1;0;0;0;0;0;1;1;1;1;1;9.45E-02;0;0;0;0;1;0;0;0;0;0
AS;0.015;0;0.33;0.005;0.01;0;0;1;0;0;0;0;0;1;1;1;1;1;5.56E-01;0;1;0;0;0;0;0;0;0;0
HTTP;0.005;0;0.335;0;0.002;0;0;1;0;0;0;0;0;1;1;1;1;1;4.62E-02;0;0;0;0;1;0;0;0;0;0
AS;0.005;0;0.33;0;0.006;0;0;1;0;0;0;0;0;1;1;1;1;1;5.64E-01;0;1;0;0;0;0;0;0;0;0
AS;0.015;0;0.34;0;0.012;0;0;1;0;0;0;0;0;1;1;1;1;1;5.60E-01;0;1;0;0;0;0;0;0;0;0
AS;0.005;0;0.345;0;0.008;0;0;1;0;0;0;0;0;1;1;1;1;1;5.45E-01;0;1;0;0;0;0;0;0;0;0
HTTP;0.65;0;0.13;0;0.532;0;0;1;0;0;0;0;0;1;1;1;1;1;1.80E-01;0;0;0;0;1;0;0;0;0;0
AS;0.03;0;0.115;0.265;0.04;0;0;0;1;0;0;0;0;1;1;1;1;1;4.91E-03;0;1;0;0;0;0;0;0;0;0
HTTP;0.005;0;0.11;0;0.002;0;0;1;0;0;0;0;0;1;1;1;1;1;3.93E+00;0;0;0;0;1;0;0;0;0;0
HTTP;0.025;0;0.105;0;0.02;0;0;1;0;0;0;0;0;1;1;1;1;1;1.52E-01;0;0;0;0;1;0;0;0;0;0
UK;0.005;0;0.085;0;0.004;0;0;1;0;0;0;0;0;1;1;1;1;1;5.99E-03;0;0;0;0;0;0;0;0;0;1
HTTP;0.025;0;0.06;0;0.022;0;0;0;1;0;0;0;0;1;1;1;1;1;4.91E-03;0;0;0;0;1;0;0;0;0;0
HTTP;0.03;0;0.06;0.005;0.024;0;0;1;0;0;0;0;0;1;1;1;1;1;2.07E-01;0;0;0;0;1;0;0;0;0;0
HTTP;0.02;0;0.06;0;0.032;0;0;1;0;0;0;0;0;1;1;1;1;1;2.45E-01;0;0;0;0;1;0;0;0;0;0
AS;0.02;0;0.37;0;0.012;0;0;1;0;0;0;0;0;1;1;1;1;1;3.57E-01;0;1;0;0;0;0;0;0;0;0
HTTP;0.635;0;0.13;0;0.558;0;0;1;0;0;0;0;0;1;1;1;1;1;1.78E-01;0;0;0;0;1;0;0;0;0;0
HTTP;0.025;0;0.06;0;0.032;0;0;1;0;0;0;0;0;1;1;1;1;1;2.31E-01;0;0;0;0;1;0;0;0;0;0
HTTP;0.63;0;0.13;0;0.558;0;0;1;0;0;0;0;0;1;1;1;1;1;1.78E-01;0;0;0;0;1;0;0;0;0;0
HTTP;0.665;0;0.13;0;0.588;0;0;1;0;0;0;0;0;1;1;1;1;1;1.80E-01;0;0;0;0;1;0;0;0;0;0
HTTP;0.665;0;0.13;0;0.598;0;0;1;0;0;0;0;0;1;1;1;1;1;1.78E-01;0;0;0;0;1;0;0;0;0;0
AS;0.01;0;0.375;0;0.008;1;1;0;0;0;0;0;0;1;1;1;1;1;4.91E-03;0;1;0;0;0;0;0;0;0;0
AS;0.005;0;0.155;0.005;0.002;1;1;0;0;0;0;0;0;1;1;1;1;1;4.91E-03;0;1;0;0;0;0;0;0;0;0
AS;0;0;0.175;0;0;0;0;1;0;0;0;0;0;1;1;1;1;1;5.43E-01;0;1;0;0;0;0;0;0;0;0
HTTP;0.01;0;0.38;0;0.004;0;0;1;0;0;0;0;0;1;1;1;1;1;4.62E-02;0;0;0;0;1;0;0;0;0;0
HTTP;0;0;0.375;0;0.004;0;0;1;0;0;0;0;0;1;1;1;1;1;1.59E+00;0;0;0;0;1;0;0;0;0;0
AS;0.01;0;0.37;0;0.008;0;0;1;0;0;0;0;0;1;1;1;1;1;6.57E-01;0;1;0;0;0;0;0;0;0;0
HTTP;0.015;0;0.18;0;0.006;0;0;1;0;0;0;0;0;1;1;1;1;1;1.81E-02;0;0;0;0;1;0;0;0;0;0
HTTP;0.555;0;0.18;0;0.608;0;0;1;0;0;0;0;0;1;1;1;1;1;1.81E-02;0;0;0;0;1;0;0;0;0;0
HTTP;0.56;0;0.18;0;0.608;0;0;1;0;0;0;0;0;1;1;1;1;1;1.80E-01;0;0;0;0;1;0;0;0;0;0
HTTP;0.625;0;0.15;0;0.628;0;0;1;0;0;0;0;0;1;1;1;1;1;1.81E-02;0;0;0;0;1;0;0;0;0;0
AS;0.005;0;0.09;0.255;0.006;0;0;0;1;0;0;0;0;1;1;1;1;1;4.91E-03;0;1;0;0;0;0;0;0;0;0
AS;0.645;0;0.09;0.005;0.642;0;0;1;0;0;0;0;0;1;1;1;1;1;5.49E-01;0;1;0;0;0;0;0;0;0;0
HTTP;0;0;0.11;0;0.002;0;0;1;0;0;0;0;0;1;1;1;1;1;4.66E-02;0;0;0;0;1;0;0;0;0;0
HTTP;0.045;0;0.105;0;0.018;0;0;1;0;0;0;0;0;1;1;1;1;1;1.56E-01;0;0;0;0;1;0;0;0;0;0
HTTP;0.05;0;0.105;0;0.02;0;0;1;0;0;0;0;0;1;1;1;1;1;1.56E-01;0;0;0;0;1;0;0;0;0;0
HTTP;0.055;0;0.105;0;0.022;0;0;1;0;0;0;0;0;1;1;1;1;1;1.81E-02;0;0;0;0;1;0;0;0;0;0
HTTP;0.01;0;0.105;0;0.014;0;0;1;0;0;0;0;0;1;1;1;1;1;6.51E-03;0;0;0;0;1;0;0;0;0;0
AS;0;0;0.12;0;0;0;0;1;0;0;0;0;0;1;1;1;1;1;5.58E-01;0;1;0;0;0;0;0;0;0;0
HTTP;0;0;0.14;0;0;0;0;1;0;0;0;0;0;1;1;1;1;1;8.58E-02;0;0;0;0;1;0;0;0;0;0
AS;0;0;0.145;0;0;0;0;1;0;0;0;0;0;1;1;1;1;1;5.50E-01;0;1;0;0;0;0;0;0;0;0
HTTP;0.06;0;0.155;0;0.024;0;0;1;0;0;0;0;0;1;1;1;1;1;1.81E-02;0;0;0;0;1;0;0;0;0;0
HTTP;0.565;0;0.195;0;0.622;0;0;1;0;0;0;0;0;1;1;1;1;1;1.79E-01;0;0;0;0;1;0;0;0;0;0
AS;0;0;0.22;0;0;0;0;1;0;0;0;0;0;1;1;1;1;1;5.56E-01;0;1;0;0;0;0;0;0;0;0
AS;0;0;0.255;0;0;0;0;1;0;0;0;0;0;1;1;1;1;1;5.42E-01;0;1;0;0;0;0;0;0;0;0
HTTP;0;0;0.29;0;0;0;0;1;0;0;0;0;0;1;1;1;1;1;7.56E-02;0;0;0;0;1;0;0;0;0;0
HTTP;0.43;0;0.305;0;0.596;0;0;1;0;0;0;0;0;1;1;1;1;1;1.80E-01;0;0;0;0;1;0;0;0;0;0
HTTP;0.44;0;0.295;0;0.596;0;0;1;0;0;0;0;0;1;1;1;1;1;1.80E-01;0;0;0;0;1;0;0;0;0;0
HTTP;0.46;0;0.29;0;0.596;0;0;1;0;0;0;0;0;1;1;1;1;1;1.80E-01;0;0;0;0;1;0;0;0;0;0
AS;0.01;0;0.275;0.005;0.004;0;0;1;0;0;0;0;0;1;1;1;1;1;5.45E-01;0;1;0;0;0;0;0;0;0;0
HTTP;0.455;0;0.315;0;0.57;0;0;1;0;0;0;0;0;1;1;1;1;1;1.80E-01;0;0;0;0;1;0;0;0;0;0
HTTP;0.45;0;0.32;0;0.572;0;0;1;0;0;0;0;0;1;1;1;1;1;1.81E-02;0;0;0;0;1;0;0;0;0;0
AS;0;0;0.33;0;0;0;0;1;0;0;0;0;0;1;1;1;1;1;5.52E-01;0;1;0;0;0;0;0;0;0;0
HTTP;0.395;0;0.375;0;0.556;0;0;1;0;0;0;0;0;1;1;1;1;1;1.76E-01;0;0;0;0;1;0;0;0;0;0
HTTP;0.345;0;0.43;0;0.54;0;0;1;0;0;0;0;0;1;1;1;1;1;1.78E-01;0;0;0;0;1;0;0;0;0;0
HTTP;0.375;0;0.425;0;0.542;0;0;1;0;0;0;0;0;1;1;1;1;1;1.80E-01;0;0;0;0;1;0;0;0;0;0
AS;0.015;0;0.42;0.005;0.006;0;0;1;0;0;0;0;0;1;1;1;1;1;6.53E-01;0;1;0;0;0;0;0;0;0;0
HTTP;0.37;0;0.43;0;0.508;0;0;1;0;0;0;0;0;1;1;1;1;1;1.81E-02;0;0;0;0;1;0;0;0;0;0
AS;0;0;0.425;0;0;0;0;1;0;0;0;0;0;1;1;1;1;1;5.67E-01;0;1;0;0;0;0;0;0;0;0
AS;0.005;0;0.43;0.005;0.002;0;0;1;0;0;0;0;0;1;1;1;1;1;8.51E-01;0;1;0;0;0;0;0;0;0;0
HTTP;0.39;0;0.435;0;0.492;0;0;1;0;0;0;0;0;1;1;1;1;1;1.80E-01;0;0;0;0;1;0;0;0;0;0
HTTP;0.4;0;0.43;0;0.496;0;0;1;0;0;0;0;0;1;1;1;1;1;1.78E-01;0;0;0;0;1;0;0;0;0;0
AS;0.01;0;0.425;0.005;0.004;1;1;0;0;0;0;0;0;1;1;1;1;1;4.91E-03;0;1;0;0;0;0;0;0;0;0
HTTP;0.38;0;0.445;0;0.488;0;0;1;0;0;0;0;0;1;1;1;1;1;1.79E-01;0;0;0;0;1;0;0;0;0;0
AS;0;0;0.42;0;0;0;0;1;0;0;0;0;0;1;1;1;1;1;5.52E-01;0;1;0;0;0;0;0;0;0;0
NW;0.005;0;0.44;0;0.002;0;0;1;0;0;0;0;0;1;1;1;1;1;1.25E+00;0;0;0;0;0;0;0;1;0;0
HTTP;0.375;0;0.42;0;0.466;0;0;1;0;0;0;0;0;1;1;1;1;1;1.81E-02;0;0;0;0;1;0;0;0;0;0
AS;0.005;0;0.44;0.005;0.004;0;0;1;0;0;0;0;0;1;1;1;1;1;5.56E-01;0;1;0;0;0;0;0;0;0;0
HTTP;0.36;0;0.43;0;0.45;0;0;1;0;0;0;0;0;1;1;1;1;1;1.81E-02;0;0;0;0;1;0;0;0;0;0
AS;0.005;0;0.45;0.005;0.004;1;1;0;0;0;0;0;0;1;1;1;1;1;4.91E-03;0;1;0;0;0;0;0;0;0;0
AS;0;0;0.45;0;0;0;0;1;0;0;0;0;0;1;1;1;1;1;3.67E-02;0;1;0;0;0;0;0;0;0;0
HTTP;0.315;0;0.45;0;0.426;0;0;1;0;0;0;0;0;1;1;1;1;1;1.78E-01;0;0;0;0;1;0;0;0;0;0
HTTP;0.34;0;0.415;0;0.422;0;0;1;0;0;0;0;0;1;1;1;1;1;1.78E-01;0;0;0;0;1;0;0;0;0;0
UK;0;0;0.395;0;0;0;0;1;0;0;0;0;0;1;1;1;1;1;7.51E-02;0;0;0;0;0;0;0;0;0;1
UK;0.035;0;0.06;0;0.028;0;0;1;0;0;0;0;0;1;1;1;1;1;3.84E-01;0;0;0;0;0;0;0;0;0;1
AS;0.01;0;0.43;0.005;0.008;1;1;0;0;0;0;0;0;1;1;1;1;1;4.91E-03;0;1;0;0;0;0;0;0;0;0
AS;0;0;0.43;0;0.008;1;1;0;0;0;0;0;0;1;1;1;1;1;4.91E-03;0;1;0;0;0;0;0;0;0;0
AS;0;0;0.43;0;0.004;0;0;1;0;0;0;0;0;1;1;1;1;1;6.05E-01;0;1;0;0;0;0;0;0;0;0
AS;0;0;0.44;0;0.004;0;0;1;0;0;0;0;0;1;1;1;1;1;5.68E-01;0;1;0;0;0;0;0;0;0;0
AS;0.01;0;0.425;0;0.008;0;0;1;0;0;0;0;0;1;1;1;1;1;5.70E-01;0;1;0;0;0;0;0;0;0;0
AS;0.005;0;0.43;0.005;0.006;1;1;0;0;0;0;0;0;1;1;1;1;1;4.91E-03;0;1;0;0;0;0;0;0;0;0
HTTP;0;0;0.44;0;0;0;0;1;0;0;0;0;0;1;1;1;1;1;4.10E-02;0;0;0;0;1;0;0;0;0;0
AS;0.005;0;0.45;0.01;0.004;0;0;0;1;0;0;0;0;1;1;1;1;1;4.91E-03;0;1;0;0;0;0;0;0;0;0
HTTP;0.02;0;0.055;0;0.01;1;1;0;0;0;0;0;0;1;1;1;1;1;9.94E-04;0;0;0;0;1;0;0;0;0;0
AS;0;0;0.46;0;0.002;0;0;1;0;0;0;0;0;1;1;1;1;1;5.87E-01;0;1;0;0;0;0;0;0;0;0
HTTP;0;0;0.46;0;0;0;0;1;0;0;0;0;0;1;1;1;1;1;5.54E-02;0;0;0;0;1;0;0;0;0;0
AS;0.005;0;0.46;0.005;0.006;1;1;0;0;0;0;0;0;1;1;1;1;1;4.91E-03;0;1;0;0;0;0;0;0;0;0
AS;0;0;0.46;0;0.002;0;0;1;0;0;0;0;0;1;1;1;1;1;5.45E-01;0;1;0;0;0;0;0;0;0;0
HTTP;0.015;0;0.09;0;0.02;0;0;1;0;0;0;0;0;1;1;1;1;1;1.98E-01;0;0;0;0;1;0;0;0;0;0
AS;0.005;0;0.455;0;0.004;0;0;1;0;0;0;0;0;1;1;1;1;1;6.59E-01;0;1;0;0;0;0;0;0;0;0
HTTP;0;0;0.455;0;0;0;0;1;0;0;0;0;0;1;1;1;1;1;4.10E-02;0;0;0;0;1;0;0;0;0;0
AS;0;0;0.455;0;0.004;0;0;1;0;0;0;0;0;1;1;1;1;1;5.63E-01;0;1;0;0;0;0;0;0;0;0
AS;0.005;0;0.455;0.005;0.002;0;0;1;0;0;0;0;0;1;1;1;1;1;7.54E-01;0;1;0;0;0;0;0;0;0;0
AS;0;0;0.455;0;0.004;0;0;1;0;0;0;0;0;1;1;1;1;1;5.46E-01;0;1;0;0;0;0;0;0;0;0
HTTP;0.295;0;0.47;0;0.35;0;0;1;0;0;0;0;0;1;1;1;1;1;1.81E-02;0;0;0;0;1;0;0;0;0;0
AS;0;0;0.405;0;0;0;0;1;0;0;0;0;0;1;1;1;1;1;2.57E-01;0;1;0;0;0;0;0;0;0;0
AS;0.015;0;0.41;0.005;0.016;1;1;0;0;0;0;0;0;1;1;1;1;1;4.91E-03;0;1;0;0;0;0;0;0;0;0
MM;0.01;0;0.41;0;0.004;0;0;1;0;0;0;0;0;1;1;1;1;1;3.76E-02;0;0;0;0;0;0;1;0;0;0
AS;0.01;0;0.42;0.005;0.014;1;1;0;0;0;0;0;0;1;1;1;1;1;4.91E-03;0;1;0;0;0;0;0;0;0;0
AS;0.015;0;0.43;0.005;0.01;0;0;1;0;0;0;0;0;1;1;1;1;1;8.30E-01;0;1;0;0;0;0;0;0;0;0
HTTP;0.31;0;0.455;0;0.35;0;0;1;0;0;0;0;0;1;1;1;1;1;1.80E-01;0;0;0;0;1;0;0;0;0;0
AS;0;0;0.45;0;0.002;0;0;1;0;0;0;0;0;1;1;1;1;1;5.74E-01;0;1;0;0;0;0;0;0;0;0
AS;0;0;0.465;0;0;0;0;1;0;0;0;0;0;1;1;1;1;1;8.31E-01;0;1;0;0;0;0;0;0;0;0
AS;0.005;0;0.45;0;0.004;0;0;1;0;0;0;0;0;1;1;1;1;1;5.54E-02;0;1;0;0;0;0;0;0;0;0
HTTP;0.295;0;0.46;0;0.342;0;0;1;0;0;0;0;0;1;1;1;1;1;1.80E-01;0;0;0;0;1;0;0;0;0;0
HTTP;0.32;0;0.44;0;0.352;0;0;1;0;0;0;0;0;1;1;1;1;1;1.80E-01;0;0;0;0;1;0;0;0;0;0
AS;0.01;0;0.43;0;0.012;0;0;1;0;0;0;0;0;1;1;1;1;1;5.44E-01;0;1;0;0;0;0;0;0;0;0
AS;0.01;0;0.435;0;0.012;0;0;1;0;0;0;0;0;1;1;1;1;1;5.79E-01;0;1;0;0;0;0;0;0;0;0
AS;0.015;0;0.435;0.005;0.014;1;1;0;0;0;0;0;0;1;1;1;1;1;4.91E-03;0;1;0;0;0;0;0;0;0;0
UK;0;0;0.11;0;0;0;0;1;0;0;0;0;0;1;1;1;1;1;3.00E-01;0;0;0;0;0;0;0;0;0;1
AS;0;0;0.41;0;0.002;0;0;1;0;0;0;0;0;1;1;1;1;1;5.46E-01;0;1;0;0;0;0;0;0;0;0
AS;0.01;0;0.415;0.005;0.008;1;1;0;0;0;0;0;0;1;1;1;1;1;4.91E-03;0;1;0;0;0;0;0;0;0;0
AS;0;0;0.415;0;0;0;0;1;0;0;0;0;0;1;1;1;1;1;8.46E-01;0;1;0;0;0;0;0;0;0;0
AS;0;0;0.425;0;0.002;0;0;1;0;0;0;0;0;1;1;1;1;1;8.61E-01;0;1;0;0;0;0;0;0;0;0
AS;0;0;0.43;0;0.002;0;0;1;0;0;0;0;0;1;1;1;1;1;5.54E-01;0;1;0;0;0;0;0;0;0;0
HTTP;0;0;0.435;0.19;0;1;1;0;0;0;0;0;0;1;1;1;1;1;4.57E-02;0;0;0;0;1;0;0;0;0;0
HTTP;0;0;0.125;0.005;0;1;0;0;0;1;0;0;0;1;1;1;1;1;0.001054187;0;0;0;0;1;0;0;0;0;0
HTTP;0.015;0;0.125;0;0.006;1;0;0;1;0;0;0;0;1;1;1;1;1;4.91E-03;0;0;0;0;1;0;0;0;0;0
UK;0.01;0;0.445;0;0.004;0;0;1;0;0;0;0;0;1;1;1;1;1;1.72E-01;0;0;0;0;0;0;0;0;0;1
AS;0.005;0;0.435;0.005;0.01;1;1;0;0;0;0;0;0;1;1;1;1;1;4.91E-03;0;1;0;0;0;0;0;0;0;0
AS;0.015;0;0.42;0.005;0.012;0;0;1;0;0;0;0;0;1;1;1;1;1;6.54E-01;0;1;0;0;0;0;0;0;0;0
HTTP;0.025;0;0.435;0;0.026;0;0;1;0;0;0;0;0;1;1;1;1;1;6.57E-02;0;0;0;0;1;0;0;0;0;0
AS;0;0;0.405;0;0.002;0;0;1;0;0;0;0;0;1;1;1;1;1;6.54E-02;0;1;0;0;0;0;0;0;0;0
HTTP;0.37;0;0.385;0;0.356;0;0;1;0;0;0;0;0;1;1;1;1;1;1.80E-01;0;0;0;0;1;0;0;0;0;0
HTTP;0.38;0;0.375;0;0.354;0;0;1;0;0;0;0;0;1;1;1;1;1;1.81E-02;0;0;0;0;1;0;0;0;0;0
AS;0.03;0;0.39;0.005;0.018;0;0;1;0;0;0;0;0;1;1;1;1;1;5.70E-01;0;1;0;0;0;0;0;0;0;0
HTTP;0;0;0.395;0;0;0;0;1;0;0;0;0;0;1;1;1;1;1;5.52E-02;0;0;0;0;1;0;0;0;0;0
UK;0.01;0;0.38;0;0.006;0;0;1;0;0;0;0;0;1;1;1;1;1;2.46E+00;0;0;0;0;0;0;0;0;0;1
HTTP;0.005;0;0.37;0;0.012;0;0;1;0;0;0;0;0;1;1;1;1;1;3.43E-01;0;0;0;0;1;0;0;0;0;0
HTTP;0.01;0;0.36;0;0.004;0;0;1;0;0;0;0;0;1;1;1;1;1;9.49E-02;0;0;0;0;1;0;0;0;0;0
AS;0.01;0;0.365;0;0.008;1;1;0;0;0;0;0;0;1;1;1;1;1;4.91E-03;0;1;0;0;0;0;0;0;0;0
HTTP;0.375;0;0.365;0;0.352;0;0;1;0;0;0;0;0;1;1;1;1;1;1.79E-01;0;0;0;0;1;0;0;0;0;0
UK;0.125;0;0.34;0;0.05;0;0;1;0;0;0;0;0;1;1;1;1;1;1.73E+00;0;0;0;0;0;0;0;0;0;1
AS;0;0;0.36;0;0;0;0;1;0;0;0;0;0;1;1;1;1;1;6.58E-01;0;1;0;0;0;0;0;0;0;0
HTTP;0.405;0;0.35;0;0.358;0;0;1;0;0;0;0;0;1;1;1;1;1;1.78E-01;0;0;0;0;1;0;0;0;0;0
HTTP;0;0;0.34;0;0;0;0;1;0;0;0;0;0;1;1;1;1;1;8.87E-02;0;0;0;0;1;0;0;0;0;0
AS;0.005;0;0.34;0.015;0.008;0;0;0;1;0;0;0;0;1;1;1;1;1;4.91E-03;0;1;0;0;0;0;0;0;0;0
HTTP;0.06;0;0.335;0;0.024;0;0;1;0;0;0;0;0;1;1;1;1;1;5.80E-01;0;0;0;0;1;0;0;0;0;0
AS;0.01;0;0.335;0.005;0.006;1;1;0;0;0;0;0;0;1;1;1;1;1;4.91E-03;0;1;0;0;0;0;0;0;0;0
HTTP;0.4;0;0.33;0;0.35;0;0;1;0;0;0;0;0;1;1;1;1;1;1.81E-02;0;0;0;0;1;0;0;0;0;0
AS;0;0;0.32;0;0.004;0;0;1;0;0;0;0;0;1;1;1;1;1;5.29E-01;0;1;0;0;0;0;0;0;0;0
HTTP;0.42;0;0.32;0;0.358;0;0;1;0;0;0;0;0;1;1;1;1;1;1.80E-01;0;0;0;0;1;0;0;0;0;0
HTTP;0.44;0;0.32;0;0.366;0;0;1;0;0;0;0;0;1;1;1;1;1;1.80E-01;0;0;0;0;1;0;0;0;0;0
AS;0.005;0;0.32;0;0.004;0;0;1;0;0;0;0;0;1;1;1;1;1;5.40E-01;0;1;0;0;0;0;0;0;0;0
AS;0.005;0;0.36;0;0.004;0;0;1;0;0;0;0;0;1;1;1;1;1;5.41E-01;0;1;0;0;0;0;0;0;0;0
HTTP;0.41;0;0.335;0;0.354;0;0;1;0;0;0;0;0;1;1;1;1;1;1.81E-02;0;0;0;0;1;0;0;0;0;0
AS;0;0;0.325;0;0.004;0;0;1;0;0;0;0;0;1;1;1;1;1;5.28E-01;0;1;0;0;0;0;0;0;0;0
HTTP;0.4;0;0.355;0;0.354;0;0;1;0;0;0;0;0;1;1;1;1;1;1.80E-01;0;0;0;0;1;0;0;0;0;0
AS;0.005;0;0.36;0;0.004;0;0;1;0;0;0;0;0;1;1;1;1;1;5.40E-01;0;1;0;0;0;0;0;0;0;0
HTTP;0;0;0.365;0;0.002;0;0;1;0;0;0;0;0;1;1;1;1;1;4.66E-02;0;0;0;0;1;0;0;0;0;0
AS;0.005;0;0.36;0.005;0.004;0;0;1;0;0;0;0;0;1;1;1;1;1;5.37E-01;0;1;0;0;0;0;0;0;0;0
AS;0.025;0;0.15;0.015;0.028;0;0;0;1;0;0;0;0;1;1;1;1;1;4.91E-03;0;1;0;0;0;0;0;0;0;0
AS;0.005;0;0.365;0.005;0.006;1;1;0;0;0;0;0;0;1;1;1;1;1;4.91E-03;0;1;0;0;0;0;0;0;0;0
AS;0;0;0.345;0;0.004;0;0;1;0;0;0;0;0;1;1;1;1;1;5.57E-01;0;1;0;0;0;0;0;0;0;0
AS;0.015;0;0.36;0.005;0.01;0;0;1;0;0;0;0;0;1;1;1;1;1;5.50E-01;0;1;0;0;0;0;0;0;0;0
HTTP;0.37;0;0.365;0;0.376;0;0;1;0;0;0;0;0;1;1;1;1;1;1.78E-01;0;0;0;0;1;0;0;0;0;0
HTTP;0.005;0;0.36;0;0.002;0;0;1;0;0;0;0;0;1;1;1;1;1;1.57E-01;0;0;0;0;1;0;0;0;0;0
HTTP;0.4;0;0.355;0;0.392;0;0;1;0;0;0;0;0;1;1;1;1;1;1.81E-02;0;0;0;0;1;0;0;0;0;0
HTTP;0.4;0;0.355;0.005;0.394;0;0;1;0;0;0;0;0;1;1;1;1;1;1.80E-01;0;0;0;0;1;0;0;0;0;0
HTTP;0.485;0;0.325;0;0.434;0;0;1;0;0;0;0;0;1;1;1;1;1;1.80E-01;0;0;0;0;1;0;0;0;0;0
HTTP;0.485;0;0.325;0;0.436;0;0;1;0;0;0;0;0;1;1;1;1;1;1.80E-01;0;0;0;0;1;0;0;0;0;0
HTTP;0.515;0;0.305;0;0.452;0;0;1;0;0;0;0;0;1;1;1;1;1;1.78E-01;0;0;0;0;1;0;0;0;0;0
HTTP;0.525;0;0.3;0;0.452;0;0;1;0;0;0;0;0;1;1;1;1;1;1.81E-02;0;0;0;0;1;0;0;0;0;0
HTTP;0.53;0;0.295;0;0.452;0;0;1;0;0;0;0;0;1;1;1;1;1;1.81E-02;0;0;0;0;1;0;0;0;0;0
HTTP;0.545;0;0.28;0;0.452;0;0;1;0;0;0;0;0;1;1;1;1;1;1.81E-02;0;0;0;0;1;0;0;0;0;0
HTTP;0;0;0.26;0;0;0;0;1;0;0;0;0;0;1;1;1;1;1;1.16E-01;0;0;0;0;1;0;0;0;0;0
HTTP;0.585;0;0.24;0;0.476;0;0;1;0;0;0;0;0;1;1;1;1;1;1.80E-01;0;0;0;0;1;0;0;0;0;0
HTTP;0.615;0;0.21;0;0.492;0;0;1;0;0;0;0;0;1;1;1;1;1;1.81E-02;0;0;0;0;1;0;0;0;0;0
HTTP;0.625;0;0.2;0;0.502;0;0;1;0;0;0;0;0;1;1;1;1;1;1.78E-01;0;0;0;0;1;0;0;0;0;0
HTTP;0.005;0;0.345;0;0.004;0;0;1;0;0;0;0;0;1;1;1;1;1;1.70E-01;0;0;0;0;1;0;0;0;0;0
AS;0;0;0.325;0;0;0;0;1;0;0;0;0;0;1;1;1;1;1;6.58E-01;0;1;0;0;0;0;0;0;0;0
UK;0.15;0;0.325;0;0.06;1;0;0;0;0;0;0;0;1;1;1;1;1;1.90E+00;0;0;0;0;0;0;0;0;0;1
HTTP;0.66;0;0.16;0;0.498;0;0;1;0;0;0;0;0;1;1;1;1;1;1.78E-01;0;0;0;0;1;0;0;0;0;0
AS;0;0;0.165;0;0.002;0;0;1;0;0;0;0;0;1;1;1;1;1;5.63E-01;0;1;0;0;0;0;0;0;0;0
HTTP;0.015;0;0.17;0;0.006;0;0;1;0;0;0;0;0;1;1;1;1;1;1.81E-02;0;0;0;0;1;0;0;0;0;0
AS;0;0;0.145;0;0;0;0;1;0;0;0;0;0;1;1;1;1;1;8.56E-01;0;1;0;0;0;0;0;0;0;0
AS;0;0;0.32;0;0;0;0;1;0;0;0;0;0;1;1;1;1;1;6.54E-01;0;1;0;0;0;0;0;0;0;0
UK;0.225;0;0.32;0;0.09;0;0;1;0;0;0;0;0;1;1;1;1;1;1.73E+00;0;0;0;0;0;0;0;0;0;1
AS;0.02;0;0.315;0.315;0.026;0;0;0;1;0;0;0;0;1;1;1;1;1;4.91E-03;0;1;0;0;0;0;0;0;0;0
HTTP;0.01;0;0.315;0;0.014;0;0;1;0;0;0;0;0;1;1;1;1;1;3.43E-01;0;0;0;0;1;0;0;0;0;0
HTTP;0.645;0;0.14;0;0.506;0;0;1;0;0;0;0;0;1;1;1;1;1;1.78E-01;0;0;0;0;1;0;0;0;0;0
AS;0;0;0.3;0;0.006;0;0;1;0;0;0;0;0;1;1;1;1;1;7.53E-01;0;1;0;0;0;0;0;0;0;0
UK;0;0;0.135;0;0.012;0;0;1;0;0;0;0;0;1;1;1;1;1;2.70E-01;0;0;0;0;0;0;0;0;0;1
MM;0.015;0;0.115;0.005;0.006;0;0;0;1;0;0;0;0;1;1;1;1;1;4.91E-03;0;0;0;0;0;0;1;0;0;0
HTTP;0.655;0;0.115;0;0.502;0;0;1;0;0;0;0;0;1;1;1;1;1;1.80E-01;0;0;0;0;1;0;0;0;0;0
AS;0;0;0.11;0;0.002;0;0;1;0;0;0;0;0;1;1;1;1;1;5.73E-01;0;1;0;0;0;0;0;0;0;0
HTTP;0.01;0;0.135;0;0.016;0;0;1;0;0;0;0;0;1;1;1;1;1;1.24E-01;0;0;0;0;1;0;0;0;0;0
UK;0;0;0.135;0;0;0;0;1;0;0;0;0;0;1;1;1;1;1;3.86E-01;0;0;0;0;0;0;0;0;0;1
HTTP;0.015;0;0.135;0;0.02;0;0;1;0;0;0;0;0;1;1;1;1;1;2.12E-01;0;0;0;0;1;0;0;0;0;0
UK;0;0;0.135;0;0;0;0;1;0;0;0;0;0;1;1;1;1;1;3.86E-01;0;0;0;0;0;0;0;0;0;1
HTTP;0;0;0.125;0.195;0;1;0;0;0;0;0;0;0;1;1;1;1;1;4.91E-03;0;0;0;0;1;0;0;0;0;0
AS;0.005;0;0.295;0;0.008;0;0;1;0;0;0;0;0;1;1;1;1;1;6.54E-01;0;1;0;0;0;0;0;0;0;0
AS;0;0;0.305;0;0.008;0;0;1;0;0;0;0;0;1;1;1;1;1;4.97E-01;0;1;0;0;0;0;0;0;0;0
AS;0.02;0;0.31;0;0.016;0;0;1;0;0;0;0;0;1;1;1;1;1;6.59E-01;0;1;0;0;0;0;0;0;0;0
MM;0;0;0.13;0;0;0;0;1;0;0;0;0;0;1;1;1;1;1;6.71E-02;0;0;0;0;0;0;1;0;0;0
HTTP;0;0;0.125;0.005;0;1;1;0;0;0;0;0;0;1;1;1;1;1;9.94E-04;0;0;0;0;1;0;0;0;0;0
AS;0;0;0.13;0;0.002;0;0;1;0;0;0;0;0;1;1;1;1;1;6.50E-01;0;1;0;0;0;0;0;0;0;0
AS;0;0;0.14;0;0.006;0;0;1;0;0;0;0;0;1;1;1;1;1;5.48E-01;0;1;0;0;0;0;0;0;0;0
